Field,StrategyOrDate,MOMENTUM_WINDOW,Value
Cagr,umd-demo,252,0.1375831017887068
Cagr,umd-demo,126,0.2364321786293222
Cagr,umd-demo,63,0.20826542089594358
Sharpe,umd-demo,252,1.1904371821980309
Sharpe,umd-demo,126,1.7905747510603518
Sharpe,umd-demo,63,1.6319348221756298
MaxDrawdown,umd-demo,252,-0.08199285472872209
MaxDrawdown,umd-demo,126,-0.11408748216809905
MaxDrawdown,umd-demo,63,-0.11408748216809894
AbsExposure,umd-demo,252,1.0
AbsExposure,umd-demo,126,1.0
AbsExposure,umd-demo,63,1.0
NormalizedCagr,umd-demo,252,0.1375831017887068
NormalizedCagr,umd-demo,126,0.2364321786293222
NormalizedCagr,umd-demo,63,0.20826542089594358
TotalHoldings,umd-demo,252,6.0
TotalHoldings,umd-demo,126,6.0
TotalHoldings,umd-demo,63,6.0
AggReturn,2018-01-02 00:00:00,252,0.0019274818696339
AggReturn,2018-01-02 00:00:00,126,-0.0003785686901317
AggReturn,2018-01-02 00:00:00,63,0.0012686398396316
AggReturn,2018-01-03 00:00:00,252,0.0018757572590857
AggReturn,2018-01-03 00:00:00,126,0.0007342682978827
AggReturn,2018-01-03 00:00:00,63,-0.002130645419879
AggReturn,2018-01-04 00:00:00,252,-0.0052458565800844
AggReturn,2018-01-04 00:00:00,126,-0.0052458565800844
AggReturn,2018-01-04 00:00:00,63,-0.0019710413590221
AggReturn,2018-01-05 00:00:00,252,0.0015842067250974
AggReturn,2018-01-05 00:00:00,126,0.0015842067250974
AggReturn,2018-01-05 00:00:00,63,0.0031268403902187
AggReturn,2018-01-08 00:00:00,252,-0.0015141858622574
AggReturn,2018-01-08 00:00:00,126,-0.0015141858622574
AggReturn,2018-01-08 00:00:00,63,0.005087627246279
AggReturn,2018-01-09 00:00:00,252,0.0022456365298498
AggReturn,2018-01-09 00:00:00,126,0.0022456365298498
AggReturn,2018-01-09 00:00:00,63,-0.0026030227333806
AggReturn,2018-01-10 00:00:00,252,-0.0062321341490012
AggReturn,2018-01-10 00:00:00,126,-0.0062321341490012
AggReturn,2018-01-10 00:00:00,63,0.0003492251525744
AggReturn,2018-01-11 00:00:00,252,0.0095149954715019
AggReturn,2018-01-11 00:00:00,126,0.0095149954715019
AggReturn,2018-01-11 00:00:00,63,-0.0028098709512978
AggReturn,2018-01-12 00:00:00,252,0.0004778239652254
AggReturn,2018-01-12 00:00:00,126,0.0004778239652254
AggReturn,2018-01-12 00:00:00,63,-0.0001838666704998
AggReturn,2018-01-16 00:00:00,252,-0.0014999801222637
AggReturn,2018-01-16 00:00:00,126,-0.0014999801222637
AggReturn,2018-01-16 00:00:00,63,0.0073969497439712
AggReturn,2018-01-17 00:00:00,252,-0.0041700077891295
AggReturn,2018-01-17 00:00:00,126,-0.0041700077891295
AggReturn,2018-01-17 00:00:00,63,-0.0005807486586072
AggReturn,2018-01-18 00:00:00,252,-0.0011858335178059
AggReturn,2018-01-18 00:00:00,126,-0.0011858335178059
AggReturn,2018-01-18 00:00:00,63,0.0108023703551179
AggReturn,2018-01-19 00:00:00,252,-0.003570765960476
AggReturn,2018-01-19 00:00:00,126,-0.003570765960476
AggReturn,2018-01-19 00:00:00,63,0.002662453187363
AggReturn,2018-01-22 00:00:00,252,-0.0022889941536106
AggReturn,2018-01-22 00:00:00,126,-0.0022889941536106
AggReturn,2018-01-22 00:00:00,63,-0.0029279319455187
AggReturn,2018-01-23 00:00:00,252,0.0002382221036454
AggReturn,2018-01-23 00:00:00,126,0.0002382221036454
AggReturn,2018-01-23 00:00:00,63,0.0030289796742688
AggReturn,2018-01-24 00:00:00,252,0.0050426688012847
AggReturn,2018-01-24 00:00:00,126,0.0050426688012847
AggReturn,2018-01-24 00:00:00,63,-0.0063716142399955
AggReturn,2018-01-25 00:00:00,252,-0.0002746787849688
AggReturn,2018-01-25 00:00:00,126,-0.0002746787849688
AggReturn,2018-01-25 00:00:00,63,-0.0083317745581139
AggReturn,2018-01-26 00:00:00,252,-0.0050117343804376
AggReturn,2018-01-26 00:00:00,126,-0.0050117343804376
AggReturn,2018-01-26 00:00:00,63,0.001295847554371
AggReturn,2018-01-29 00:00:00,252,0.0034633441297864
AggReturn,2018-01-29 00:00:00,126,0.0034633441297864
AggReturn,2018-01-29 00:00:00,63,0.0021549438918509
AggReturn,2018-01-30 00:00:00,252,-0.004253528273911
AggReturn,2018-01-30 00:00:00,126,-0.004253528273911
AggReturn,2018-01-30 00:00:00,63,-0.0062298334971858
AggReturn,2018-01-31 00:00:00,252,0.0017207259127263
AggReturn,2018-01-31 00:00:00,126,0.0017207259127263
AggReturn,2018-01-31 00:00:00,63,0.00550560218645
AggReturn,2018-02-01 00:00:00,252,0.0022503661275768
AggReturn,2018-02-01 00:00:00,126,0.0022387702082364
AggReturn,2018-02-01 00:00:00,63,-0.0011141824847093
AggReturn,2018-02-02 00:00:00,252,0.0041365047719953
AggReturn,2018-02-02 00:00:00,126,0.0032762712371477
AggReturn,2018-02-02 00:00:00,63,0.0041365047719953
AggReturn,2018-02-05 00:00:00,252,-0.0185806286003609
AggReturn,2018-02-05 00:00:00,126,-0.0171350867113063
AggReturn,2018-02-05 00:00:00,63,-0.0185806286003609
AggReturn,2018-02-06 00:00:00,252,0.0023030122992353
AggReturn,2018-02-06 00:00:00,126,2.180849593541589e-05
AggReturn,2018-02-06 00:00:00,63,0.0023030122992353
AggReturn,2018-02-07 00:00:00,252,0.0236932202020071
AggReturn,2018-02-07 00:00:00,126,0.0217121735906528
AggReturn,2018-02-07 00:00:00,63,0.0236932202020071
AggReturn,2018-02-08 00:00:00,252,-0.0060013629499215
AggReturn,2018-02-08 00:00:00,126,-0.0045812853891181
AggReturn,2018-02-08 00:00:00,63,-0.0060013629499215
AggReturn,2018-02-09 00:00:00,252,-0.0074062727589087
AggReturn,2018-02-09 00:00:00,126,-0.0110594438628759
AggReturn,2018-02-09 00:00:00,63,-0.0074062727589087
AggReturn,2018-02-12 00:00:00,252,-0.0015710734830413
AggReturn,2018-02-12 00:00:00,126,0.0016143485898885
AggReturn,2018-02-12 00:00:00,63,-0.0015710734830413
AggReturn,2018-02-13 00:00:00,252,0.0035596842039573
AggReturn,2018-02-13 00:00:00,126,0.0002980912394573
AggReturn,2018-02-13 00:00:00,63,0.0035596842039573
AggReturn,2018-02-14 00:00:00,252,0.0017780517032592
AggReturn,2018-02-14 00:00:00,126,0.0006431505214938
AggReturn,2018-02-14 00:00:00,63,0.0017780517032592
AggReturn,2018-02-15 00:00:00,252,0.0155423104559126
AggReturn,2018-02-15 00:00:00,126,0.0137314553690292
AggReturn,2018-02-15 00:00:00,63,0.0155423104559126
AggReturn,2018-02-16 00:00:00,252,-0.0042082553183212
AggReturn,2018-02-16 00:00:00,126,-0.0044650633501481
AggReturn,2018-02-16 00:00:00,63,-0.0042082553183212
AggReturn,2018-02-20 00:00:00,252,-0.0018430343911944
AggReturn,2018-02-20 00:00:00,126,-0.0033008761615937
AggReturn,2018-02-20 00:00:00,63,-0.0018430343911944
AggReturn,2018-02-21 00:00:00,252,0.0083014300896272
AggReturn,2018-02-21 00:00:00,126,0.0102880140093069
AggReturn,2018-02-21 00:00:00,63,0.0083014300896272
AggReturn,2018-02-22 00:00:00,252,-0.0029784378297629
AggReturn,2018-02-22 00:00:00,126,-0.0036522706386136
AggReturn,2018-02-22 00:00:00,63,-0.0029784378297629
AggReturn,2018-02-23 00:00:00,252,0.0024596558856272
AggReturn,2018-02-23 00:00:00,126,0.001912995708482
AggReturn,2018-02-23 00:00:00,63,0.0024596558856272
AggReturn,2018-02-26 00:00:00,252,-0.0055013637303787
AggReturn,2018-02-26 00:00:00,126,-0.005108312253666
AggReturn,2018-02-26 00:00:00,63,-0.0055013637303787
AggReturn,2018-02-27 00:00:00,252,-0.0055739664962994
AggReturn,2018-02-27 00:00:00,126,-0.0058073741680422
AggReturn,2018-02-27 00:00:00,63,-0.0055739664962994
AggReturn,2018-02-28 00:00:00,252,-0.0034791537319024
AggReturn,2018-02-28 00:00:00,126,-0.0051946197650376
AggReturn,2018-02-28 00:00:00,63,-0.0034791537319024
AggReturn,2018-03-01 00:00:00,252,0.005774676899899
AggReturn,2018-03-01 00:00:00,126,0.0049442962390151
AggReturn,2018-03-01 00:00:00,63,0.0057386061192704
AggReturn,2018-03-02 00:00:00,252,-0.0081626557067226
AggReturn,2018-03-02 00:00:00,126,-0.0042163741560917
AggReturn,2018-03-02 00:00:00,63,-0.0042163741560917
AggReturn,2018-03-05 00:00:00,252,0.0005936211502527
AggReturn,2018-03-05 00:00:00,126,-0.0009747705345451
AggReturn,2018-03-05 00:00:00,63,-0.0009747705345451
AggReturn,2018-03-06 00:00:00,252,0.0062593891433926
AggReturn,2018-03-06 00:00:00,126,0.0068816914496524
AggReturn,2018-03-06 00:00:00,63,0.0068816914496524
AggReturn,2018-03-07 00:00:00,252,0.0037638735109496
AggReturn,2018-03-07 00:00:00,126,0.002915555432392
AggReturn,2018-03-07 00:00:00,63,0.002915555432392
AggReturn,2018-03-08 00:00:00,252,0.0057661212708389
AggReturn,2018-03-08 00:00:00,126,0.0041409921351726
AggReturn,2018-03-08 00:00:00,63,0.0041409921351726
AggReturn,2018-03-09 00:00:00,252,-0.0030440136422626
AggReturn,2018-03-09 00:00:00,126,-0.0046838916774623
AggReturn,2018-03-09 00:00:00,63,-0.0046838916774623
AggReturn,2018-03-12 00:00:00,252,0.0033017343417861
AggReturn,2018-03-12 00:00:00,126,0.0012311836262181
AggReturn,2018-03-12 00:00:00,63,0.0012311836262181
AggReturn,2018-03-13 00:00:00,252,-0.001716456580761
AggReturn,2018-03-13 00:00:00,126,-0.0028185797796426
AggReturn,2018-03-13 00:00:00,63,-0.0028185797796426
AggReturn,2018-03-14 00:00:00,252,-0.0018019307205738
AggReturn,2018-03-14 00:00:00,126,-0.001256735934127
AggReturn,2018-03-14 00:00:00,63,-0.001256735934127
AggReturn,2018-03-15 00:00:00,252,-0.0084918476419047
AggReturn,2018-03-15 00:00:00,126,-0.0074572732436055
AggReturn,2018-03-15 00:00:00,63,-0.0074572732436055
AggReturn,2018-03-16 00:00:00,252,0.0108530670913485
AggReturn,2018-03-16 00:00:00,126,0.0107353011735695
AggReturn,2018-03-16 00:00:00,63,0.0107353011735695
AggReturn,2018-03-19 00:00:00,252,-0.0022740640711482
AggReturn,2018-03-19 00:00:00,126,0.0004013850850924
AggReturn,2018-03-19 00:00:00,63,0.0004013850850924
AggReturn,2018-03-20 00:00:00,252,-4.4676415982991546e-05
AggReturn,2018-03-20 00:00:00,126,0.0001772339674094
AggReturn,2018-03-20 00:00:00,63,0.0001772339674094
AggReturn,2018-03-21 00:00:00,252,-0.0013272831386271
AggReturn,2018-03-21 00:00:00,126,-0.0011147460194938
AggReturn,2018-03-21 00:00:00,63,-0.0011147460194938
AggReturn,2018-03-22 00:00:00,252,0.0003182438006507
AggReturn,2018-03-22 00:00:00,126,0.0055440211789287
AggReturn,2018-03-22 00:00:00,63,0.0055440211789287
AggReturn,2018-03-23 00:00:00,252,-0.0058451156884571
AggReturn,2018-03-23 00:00:00,126,-0.0056331885387637
AggReturn,2018-03-23 00:00:00,63,-0.0056331885387637
AggReturn,2018-03-26 00:00:00,252,0.0022539839785137
AggReturn,2018-03-26 00:00:00,126,0.0022095683050317
AggReturn,2018-03-26 00:00:00,63,0.0022095683050317
AggReturn,2018-03-27 00:00:00,252,0.0131670523167559
AggReturn,2018-03-27 00:00:00,126,0.0083959194739676
AggReturn,2018-03-27 00:00:00,63,0.0083959194739676
AggReturn,2018-03-28 00:00:00,252,-0.0174075264937093
AggReturn,2018-03-28 00:00:00,126,-0.0118229793961835
AggReturn,2018-03-28 00:00:00,63,-0.0118229793961835
AggReturn,2018-03-29 00:00:00,252,0.0034111111679177
AggReturn,2018-03-29 00:00:00,126,0.0019313811452612
AggReturn,2018-03-29 00:00:00,63,0.0019313811452612
AggReturn,2018-04-02 00:00:00,252,0.000773187496077
AggReturn,2018-04-02 00:00:00,126,0.0028354756951962
AggReturn,2018-04-02 00:00:00,63,0.0028354756951962
AggReturn,2018-04-03 00:00:00,252,-0.0013177443591473
AggReturn,2018-04-03 00:00:00,126,-0.0030233667743788
AggReturn,2018-04-03 00:00:00,63,-0.0030363139505125
AggReturn,2018-04-04 00:00:00,252,-0.0092736881844942
AggReturn,2018-04-04 00:00:00,126,-0.0106562635417235
AggReturn,2018-04-04 00:00:00,63,-0.0091028402663242
AggReturn,2018-04-05 00:00:00,252,0.0185774270835529
AggReturn,2018-04-05 00:00:00,126,0.0061141518015009
AggReturn,2018-04-05 00:00:00,63,-0.0001371797779149
AggReturn,2018-04-06 00:00:00,252,-0.0044820620276789
AggReturn,2018-04-06 00:00:00,126,-0.0042519408228783
AggReturn,2018-04-06 00:00:00,63,-0.0025893743765898
AggReturn,2018-04-09 00:00:00,252,0.0082114593341191
AggReturn,2018-04-09 00:00:00,126,-0.0108661082200058
AggReturn,2018-04-09 00:00:00,63,-0.0077779696500475
AggReturn,2018-04-10 00:00:00,252,-0.0055975388117879
AggReturn,2018-04-10 00:00:00,126,-0.0061899777965675
AggReturn,2018-04-10 00:00:00,63,0.0046636074909412
AggReturn,2018-04-11 00:00:00,252,0.0022097074647865
AggReturn,2018-04-11 00:00:00,126,-0.0106425088838999
AggReturn,2018-04-11 00:00:00,63,-0.0079383434577566
AggReturn,2018-04-12 00:00:00,252,-0.0006493359254425
AggReturn,2018-04-12 00:00:00,126,0.0006349115247012
AggReturn,2018-04-12 00:00:00,63,-0.0011123440498888
AggReturn,2018-04-13 00:00:00,252,0.0065165606843115
AggReturn,2018-04-13 00:00:00,126,0.0003399745670233
AggReturn,2018-04-13 00:00:00,63,-0.0005285117166521
AggReturn,2018-04-16 00:00:00,252,0.0005148581687722
AggReturn,2018-04-16 00:00:00,126,-0.0028863240277824
AggReturn,2018-04-16 00:00:00,63,-0.0026379823687171
AggReturn,2018-04-17 00:00:00,252,0.0003885615311495
AggReturn,2018-04-17 00:00:00,126,0.0032573744583436
AggReturn,2018-04-17 00:00:00,63,0.002192473719033
AggReturn,2018-04-18 00:00:00,252,0.0123757412289353
AggReturn,2018-04-18 00:00:00,126,-0.0040405897129814
AggReturn,2018-04-18 00:00:00,63,-0.0035851391573775
AggReturn,2018-04-19 00:00:00,252,0.0140430543842283
AggReturn,2018-04-19 00:00:00,126,-0.0024793990395498
AggReturn,2018-04-19 00:00:00,63,-0.0075618511530881
AggReturn,2018-04-20 00:00:00,252,-0.0050266942656448
AggReturn,2018-04-20 00:00:00,126,-0.0050980584788071
AggReturn,2018-04-20 00:00:00,63,-0.0034526383037627
AggReturn,2018-04-23 00:00:00,252,-0.0126142179409646
AggReturn,2018-04-23 00:00:00,126,0.0127758435288033
AggReturn,2018-04-23 00:00:00,63,0.0127447315224947
AggReturn,2018-04-24 00:00:00,252,-0.0092662665707245
AggReturn,2018-04-24 00:00:00,126,0.0087822746695499
AggReturn,2018-04-24 00:00:00,63,0.0075397155259187
AggReturn,2018-04-25 00:00:00,252,-0.0061769492997378
AggReturn,2018-04-25 00:00:00,126,-0.0036125372783108
AggReturn,2018-04-25 00:00:00,63,-0.0006860787921903
AggReturn,2018-04-26 00:00:00,252,0.0108470742757995
AggReturn,2018-04-26 00:00:00,126,-0.0117448219055346
AggReturn,2018-04-26 00:00:00,63,-0.0140108817031459
AggReturn,2018-04-27 00:00:00,252,0.0127560547940402
AggReturn,2018-04-27 00:00:00,126,0.0229386046827742
AggReturn,2018-04-27 00:00:00,63,0.0162931771892313
AggReturn,2018-04-30 00:00:00,252,-0.0081196432733393
AggReturn,2018-04-30 00:00:00,126,-0.0025966017059551
AggReturn,2018-04-30 00:00:00,63,-0.003877764806302
AggReturn,2018-05-01 00:00:00,252,-0.0044636312946133
AggReturn,2018-05-01 00:00:00,126,0.0028300250321461
AggReturn,2018-05-01 00:00:00,63,0.0053641841839885
AggReturn,2018-05-02 00:00:00,252,0.0193785096813304
AggReturn,2018-05-02 00:00:00,126,0.0099934447414715
AggReturn,2018-05-02 00:00:00,63,0.0094108127180134
AggReturn,2018-05-03 00:00:00,252,0.0018120768603056
AggReturn,2018-05-03 00:00:00,126,-0.0007244004365605
AggReturn,2018-05-03 00:00:00,63,-0.004823742277959
AggReturn,2018-05-04 00:00:00,252,0.0052403250080877
AggReturn,2018-05-04 00:00:00,126,0.0018307664793411
AggReturn,2018-05-04 00:00:00,63,0.0045338010884483
AggReturn,2018-05-07 00:00:00,252,0.0096029544879405
AggReturn,2018-05-07 00:00:00,126,0.0010523485001006
AggReturn,2018-05-07 00:00:00,63,-0.0015943406506139
AggReturn,2018-05-08 00:00:00,252,0.0012259223911247
AggReturn,2018-05-08 00:00:00,126,0.0024910515320296
AggReturn,2018-05-08 00:00:00,63,0.0040118195802817
AggReturn,2018-05-09 00:00:00,252,-0.0029385096485422
AggReturn,2018-05-09 00:00:00,126,0.0020813491104289
AggReturn,2018-05-09 00:00:00,63,-0.0003460169441827
AggReturn,2018-05-10 00:00:00,252,-0.0021954958769208
AggReturn,2018-05-10 00:00:00,126,0.0002497880998774
AggReturn,2018-05-10 00:00:00,63,-0.0001635470882636
AggReturn,2018-05-11 00:00:00,252,-0.001149309783224
AggReturn,2018-05-11 00:00:00,126,-0.0018420378888154
AggReturn,2018-05-11 00:00:00,63,-0.0024838192277263
AggReturn,2018-05-14 00:00:00,252,-0.0016841717253517
AggReturn,2018-05-14 00:00:00,126,-0.0017695731648199
AggReturn,2018-05-14 00:00:00,63,-0.0064175567331894
AggReturn,2018-05-15 00:00:00,252,-0.0087991732619058
AggReturn,2018-05-15 00:00:00,126,0.0051366422071215
AggReturn,2018-05-15 00:00:00,63,0.0060491574555288
AggReturn,2018-05-16 00:00:00,252,-0.0037983843230179
AggReturn,2018-05-16 00:00:00,126,0.0044401716755488
AggReturn,2018-05-16 00:00:00,63,0.0050813445085751
AggReturn,2018-05-17 00:00:00,252,-0.002843022919514
AggReturn,2018-05-17 00:00:00,126,-0.000588389252974
AggReturn,2018-05-17 00:00:00,63,0.0050537410566878
AggReturn,2018-05-18 00:00:00,252,0.0037871786579308
AggReturn,2018-05-18 00:00:00,126,-0.0012097371460394
AggReturn,2018-05-18 00:00:00,63,-0.0024527326359786
AggReturn,2018-05-21 00:00:00,252,0.0025662328085644
AggReturn,2018-05-21 00:00:00,126,0.0009291994385832
AggReturn,2018-05-21 00:00:00,63,-0.0017516800002147
AggReturn,2018-05-22 00:00:00,252,-0.0007282212666108
AggReturn,2018-05-22 00:00:00,126,0.004489896696452
AggReturn,2018-05-22 00:00:00,63,0.0002841321315415
AggReturn,2018-05-23 00:00:00,252,-0.0034421782838863
AggReturn,2018-05-23 00:00:00,126,0.0028919895147525
AggReturn,2018-05-23 00:00:00,63,0.0064213559894146
AggReturn,2018-05-24 00:00:00,252,0.0025574593099919
AggReturn,2018-05-24 00:00:00,126,0.0062274456744654
AggReturn,2018-05-24 00:00:00,63,0.0068699122430228
AggReturn,2018-05-25 00:00:00,252,0.0043777001577609
AggReturn,2018-05-25 00:00:00,126,0.0035894231154119
AggReturn,2018-05-25 00:00:00,63,0.0028126636608596
AggReturn,2018-05-29 00:00:00,252,-0.003063578913815
AggReturn,2018-05-29 00:00:00,126,0.0054568876441837
AggReturn,2018-05-29 00:00:00,63,0.0076284613503325
AggReturn,2018-05-30 00:00:00,252,-0.0002051315432991
AggReturn,2018-05-30 00:00:00,126,-0.0025219076960672
AggReturn,2018-05-30 00:00:00,63,-0.0024286478599612
AggReturn,2018-05-31 00:00:00,252,0.003317567700981
AggReturn,2018-05-31 00:00:00,126,-0.0075510501464894
AggReturn,2018-05-31 00:00:00,63,-0.0106560994292047
AggReturn,2018-06-01 00:00:00,252,-0.0059808344947365
AggReturn,2018-06-01 00:00:00,126,0.0044891416341022
AggReturn,2018-06-01 00:00:00,63,0.0034775777750847
AggReturn,2018-06-04 00:00:00,252,0.0003638993323015
AggReturn,2018-06-04 00:00:00,126,-0.0026409473490042
AggReturn,2018-06-04 00:00:00,63,-0.008219516746725
AggReturn,2018-06-05 00:00:00,252,0.0075857805291515
AggReturn,2018-06-05 00:00:00,126,0.0043500128644275
AggReturn,2018-06-05 00:00:00,63,-0.0020387688005257
AggReturn,2018-06-06 00:00:00,252,0.0056171900600508
AggReturn,2018-06-06 00:00:00,126,0.0030105400924232
AggReturn,2018-06-06 00:00:00,63,0.0073331128823058
AggReturn,2018-06-07 00:00:00,252,-0.0025307633824505
AggReturn,2018-06-07 00:00:00,126,-0.0036258939553555
AggReturn,2018-06-07 00:00:00,63,0.0015913890182659
AggReturn,2018-06-08 00:00:00,252,-0.0054587146723215
AggReturn,2018-06-08 00:00:00,126,-0.0046629997103197
AggReturn,2018-06-08 00:00:00,63,0.0036801246982108
AggReturn,2018-06-11 00:00:00,252,-0.0011428350029449
AggReturn,2018-06-11 00:00:00,126,-0.0038865924359139
AggReturn,2018-06-11 00:00:00,63,0.0002313887692025
AggReturn,2018-06-12 00:00:00,252,0.0081243568210351
AggReturn,2018-06-12 00:00:00,126,0.0073145113320462
AggReturn,2018-06-12 00:00:00,63,0.0065530559508849
AggReturn,2018-06-13 00:00:00,252,0.0014628248589901
AggReturn,2018-06-13 00:00:00,126,-0.0006561167226043
AggReturn,2018-06-13 00:00:00,63,-0.0041699855827114
AggReturn,2018-06-14 00:00:00,252,-0.0024097832256626
AggReturn,2018-06-14 00:00:00,126,-0.0007949570473459
AggReturn,2018-06-14 00:00:00,63,-0.0034486730319249
AggReturn,2018-06-15 00:00:00,252,-0.0036223117065848
AggReturn,2018-06-15 00:00:00,126,-0.0012095808653936
AggReturn,2018-06-15 00:00:00,63,-0.0027350003033138
AggReturn,2018-06-18 00:00:00,252,-0.0075138642554923
AggReturn,2018-06-18 00:00:00,126,-0.0056199009683367
AggReturn,2018-06-18 00:00:00,63,-0.0060871149512619
AggReturn,2018-06-19 00:00:00,252,-0.0002591177233808
AggReturn,2018-06-19 00:00:00,126,0.0027831549565842
AggReturn,2018-06-19 00:00:00,63,0.0012568163760882
AggReturn,2018-06-20 00:00:00,252,0.0008814924928911
AggReturn,2018-06-20 00:00:00,126,-0.0017131344621497
AggReturn,2018-06-20 00:00:00,63,-0.0019557026570863
AggReturn,2018-06-21 00:00:00,252,0.003497602276856
AggReturn,2018-06-21 00:00:00,126,0.003351135186844
AggReturn,2018-06-21 00:00:00,63,-0.0030475112394277
AggReturn,2018-06-22 00:00:00,252,-0.0019364704724675
AggReturn,2018-06-22 00:00:00,126,-0.0022527320441486
AggReturn,2018-06-22 00:00:00,63,0.0092549074298181
AggReturn,2018-06-25 00:00:00,252,-0.0054404528192886
AggReturn,2018-06-25 00:00:00,126,-0.0001990185106898
AggReturn,2018-06-25 00:00:00,63,-0.0032043578802666
AggReturn,2018-06-26 00:00:00,252,-0.0032096499309305
AggReturn,2018-06-26 00:00:00,126,-0.0021362018761077
AggReturn,2018-06-26 00:00:00,63,-0.001502879133951
AggReturn,2018-06-27 00:00:00,252,0.0043279933719207
AggReturn,2018-06-27 00:00:00,126,0.0022216712313668
AggReturn,2018-06-27 00:00:00,63,0.003510659115246
AggReturn,2018-06-28 00:00:00,252,-0.0076303316713174
AggReturn,2018-06-28 00:00:00,126,-0.0052083271889045
AggReturn,2018-06-28 00:00:00,63,0.0035036859140812
AggReturn,2018-06-29 00:00:00,252,0.0048276433721629
AggReturn,2018-06-29 00:00:00,126,0.0021097508425526
AggReturn,2018-06-29 00:00:00,63,0.000475859146308
AggReturn,2018-07-02 00:00:00,252,0.0001986649247534
AggReturn,2018-07-02 00:00:00,126,0.0041446547532047
AggReturn,2018-07-02 00:00:00,63,0.0029409963410407
AggReturn,2018-07-03 00:00:00,252,0.0022917465217045
AggReturn,2018-07-03 00:00:00,126,-0.0018933339723974
AggReturn,2018-07-03 00:00:00,63,-0.0066667149509947
AggReturn,2018-07-05 00:00:00,252,-0.0068504434032
AggReturn,2018-07-05 00:00:00,126,-0.0062750932416276
AggReturn,2018-07-05 00:00:00,63,-0.0062775143361668
AggReturn,2018-07-06 00:00:00,252,0.0007850340176716
AggReturn,2018-07-06 00:00:00,126,-0.0008723349374012
AggReturn,2018-07-06 00:00:00,63,-0.0034922406477004
AggReturn,2018-07-09 00:00:00,252,0.0086626673765392
AggReturn,2018-07-09 00:00:00,126,-0.0017337787653658
AggReturn,2018-07-09 00:00:00,63,0.000763667523029
AggReturn,2018-07-10 00:00:00,252,3.940402529423187e-05
AggReturn,2018-07-10 00:00:00,126,-0.0007256629162432
AggReturn,2018-07-10 00:00:00,63,0.0021246749912484
AggReturn,2018-07-11 00:00:00,252,-0.0073120865423255
AggReturn,2018-07-11 00:00:00,126,0.0005963214702302
AggReturn,2018-07-11 00:00:00,63,-0.0026316975156068
AggReturn,2018-07-12 00:00:00,252,0.0074554833655371
AggReturn,2018-07-12 00:00:00,126,-0.0009999652136409
AggReturn,2018-07-12 00:00:00,63,-0.0019086468020843
AggReturn,2018-07-13 00:00:00,252,0.0062845305144028
AggReturn,2018-07-13 00:00:00,126,0.0091945949406608
AggReturn,2018-07-13 00:00:00,63,0.0076508285625435
AggReturn,2018-07-16 00:00:00,252,0.0009571978688725
AggReturn,2018-07-16 00:00:00,126,0.0019364943124455
AggReturn,2018-07-16 00:00:00,63,0.0007203908318812
AggReturn,2018-07-17 00:00:00,252,-0.0061022644240362
AggReturn,2018-07-17 00:00:00,126,-0.0051208165057408
AggReturn,2018-07-17 00:00:00,63,-0.0057438166921593
AggReturn,2018-07-18 00:00:00,252,0.0065103049167415
AggReturn,2018-07-18 00:00:00,126,0.0024315631128774
AggReturn,2018-07-18 00:00:00,63,-0.0014379349291862
AggReturn,2018-07-19 00:00:00,252,-0.0103097233540131
AggReturn,2018-07-19 00:00:00,126,0.0051825152526455
AggReturn,2018-07-19 00:00:00,63,0.0069200575074585
AggReturn,2018-07-20 00:00:00,252,-0.0046468044361084
AggReturn,2018-07-20 00:00:00,126,0.0261003759218216
AggReturn,2018-07-20 00:00:00,63,0.0231668783738705
AggReturn,2018-07-23 00:00:00,252,-0.007456638557138
AggReturn,2018-07-23 00:00:00,126,-0.0020795761524592
AggReturn,2018-07-23 00:00:00,63,-0.0014550362662177
AggReturn,2018-07-24 00:00:00,252,0.0100835937544364
AggReturn,2018-07-24 00:00:00,126,-0.0020715950045761
AggReturn,2018-07-24 00:00:00,63,-0.00470169305293
AggReturn,2018-07-25 00:00:00,252,-0.0069347261194806
AggReturn,2018-07-25 00:00:00,126,-0.0049669521267288
AggReturn,2018-07-25 00:00:00,63,0.0028699063132487
AggReturn,2018-07-26 00:00:00,252,0.0053859303069516
AggReturn,2018-07-26 00:00:00,126,0.0006353935816804
AggReturn,2018-07-26 00:00:00,63,0.0038204663455819
AggReturn,2018-07-27 00:00:00,252,0.0056900886856343
AggReturn,2018-07-27 00:00:00,126,0.0044412972264526
AggReturn,2018-07-27 00:00:00,63,-0.0058388637996433
AggReturn,2018-07-30 00:00:00,252,-0.0098374974125701
AggReturn,2018-07-30 00:00:00,126,-0.013881735696126
AggReturn,2018-07-30 00:00:00,63,-0.0060427989138701
AggReturn,2018-07-31 00:00:00,252,-0.0048056456648908
AggReturn,2018-07-31 00:00:00,126,0.0005729820529813
AggReturn,2018-07-31 00:00:00,63,-0.0023994420075027
AggReturn,2018-08-01 00:00:00,252,0.0096543119362438
AggReturn,2018-08-01 00:00:00,126,0.0071121039162521
AggReturn,2018-08-01 00:00:00,63,0.0047275842595548
AggReturn,2018-08-02 00:00:00,252,-0.0076106759200242
AggReturn,2018-08-02 00:00:00,126,0.0055123396654077
AggReturn,2018-08-02 00:00:00,63,0.0033717182996367
AggReturn,2018-08-03 00:00:00,252,0.0048515208218081
AggReturn,2018-08-03 00:00:00,126,0.0082829602149392
AggReturn,2018-08-03 00:00:00,63,0.001026661169782
AggReturn,2018-08-06 00:00:00,252,-0.0018420751943628
AggReturn,2018-08-06 00:00:00,126,-0.0002013581259657
AggReturn,2018-08-06 00:00:00,63,-2.3947770768251025e-05
AggReturn,2018-08-07 00:00:00,252,0.0012325761471873
AggReturn,2018-08-07 00:00:00,126,-0.0019813756604165
AggReturn,2018-08-07 00:00:00,63,-0.0005963257748419
AggReturn,2018-08-08 00:00:00,252,0.0003102473631055
AggReturn,2018-08-08 00:00:00,126,0.0044366136289593
AggReturn,2018-08-08 00:00:00,63,0.0025258923031234
AggReturn,2018-08-09 00:00:00,252,0.0104420440455152
AggReturn,2018-08-09 00:00:00,126,-0.0055831883331621
AggReturn,2018-08-09 00:00:00,63,-0.0079350281132528
AggReturn,2018-08-10 00:00:00,252,-0.0080624722122022
AggReturn,2018-08-10 00:00:00,126,0.0069389295675926
AggReturn,2018-08-10 00:00:00,63,0.0061688406696983
AggReturn,2018-08-13 00:00:00,252,0.0091126064654173
AggReturn,2018-08-13 00:00:00,126,-0.0099716803559287
AggReturn,2018-08-13 00:00:00,63,-0.0096750800268888
AggReturn,2018-08-14 00:00:00,252,-0.0038509827462184
AggReturn,2018-08-14 00:00:00,126,0.0044641904307168
AggReturn,2018-08-14 00:00:00,63,0.0046095327440105
AggReturn,2018-08-15 00:00:00,252,-0.0036286591612312
AggReturn,2018-08-15 00:00:00,126,0.003754968958602
AggReturn,2018-08-15 00:00:00,63,-0.002418164799045
AggReturn,2018-08-16 00:00:00,252,-0.0083433876833898
AggReturn,2018-08-16 00:00:00,126,0.0105863124304314
AggReturn,2018-08-16 00:00:00,63,0.0090268905671775
AggReturn,2018-08-17 00:00:00,252,-0.0048375875714524
AggReturn,2018-08-17 00:00:00,126,-0.0035513162972807
AggReturn,2018-08-17 00:00:00,63,0.0039141088311623
AggReturn,2018-08-20 00:00:00,252,-0.0015250420177371
AggReturn,2018-08-20 00:00:00,126,-0.0035015270057981
AggReturn,2018-08-20 00:00:00,63,-0.0043075607325679
AggReturn,2018-08-21 00:00:00,252,-0.0043175950719435
AggReturn,2018-08-21 00:00:00,126,-0.0009010645773126
AggReturn,2018-08-21 00:00:00,63,0.0042931703431593
AggReturn,2018-08-22 00:00:00,252,0.0089380156650265
AggReturn,2018-08-22 00:00:00,126,-0.0057201706065725
AggReturn,2018-08-22 00:00:00,63,-0.0021316718004623
AggReturn,2018-08-23 00:00:00,252,-0.0020326087600346
AggReturn,2018-08-23 00:00:00,126,0.0042256314473954
AggReturn,2018-08-23 00:00:00,63,0.0020279470825593
AggReturn,2018-08-24 00:00:00,252,0.0003857083177173
AggReturn,2018-08-24 00:00:00,126,0.0017666054161317
AggReturn,2018-08-24 00:00:00,63,-1.88709143488972e-05
AggReturn,2018-08-27 00:00:00,252,0.0044359141417932
AggReturn,2018-08-27 00:00:00,126,-0.0001813969775947
AggReturn,2018-08-27 00:00:00,63,-0.0035000166442128
AggReturn,2018-08-28 00:00:00,252,0.0027931219516246
AggReturn,2018-08-28 00:00:00,126,-0.002643979085751
AggReturn,2018-08-28 00:00:00,63,-0.001892882225656
AggReturn,2018-08-29 00:00:00,252,-0.0007529339894797
AggReturn,2018-08-29 00:00:00,126,0.0037538972742261
AggReturn,2018-08-29 00:00:00,63,0.0016284539046181
AggReturn,2018-08-30 00:00:00,252,0.0021970844268464
AggReturn,2018-08-30 00:00:00,126,0.0003176980761022
AggReturn,2018-08-30 00:00:00,63,-0.0033225402354079
AggReturn,2018-08-31 00:00:00,252,-0.0064931316456148
AggReturn,2018-08-31 00:00:00,126,0.0049687844772465
AggReturn,2018-08-31 00:00:00,63,0.0040542814884042
AggReturn,2018-09-04 00:00:00,252,-0.0029160108752395
AggReturn,2018-09-04 00:00:00,126,0.0016138285869444
AggReturn,2018-09-04 00:00:00,63,0.0047419579098616
AggReturn,2018-09-05 00:00:00,252,0.0093530286005422
AggReturn,2018-09-05 00:00:00,126,0.0093530286005422
AggReturn,2018-09-05 00:00:00,63,-0.0005179708513674
AggReturn,2018-09-06 00:00:00,252,-0.0103515134449461
AggReturn,2018-09-06 00:00:00,126,-0.0103515134449461
AggReturn,2018-09-06 00:00:00,63,-0.0049163561662908
AggReturn,2018-09-07 00:00:00,252,0.0071650715948253
AggReturn,2018-09-07 00:00:00,126,0.0071650715948253
AggReturn,2018-09-07 00:00:00,63,0.0089126555844381
AggReturn,2018-09-10 00:00:00,252,-0.0093572604913385
AggReturn,2018-09-10 00:00:00,126,-0.0093572604913385
AggReturn,2018-09-10 00:00:00,63,-0.011877657179103
AggReturn,2018-09-11 00:00:00,252,0.0057636479078151
AggReturn,2018-09-11 00:00:00,126,0.0057636479078151
AggReturn,2018-09-11 00:00:00,63,-0.0017692886684407
AggReturn,2018-09-12 00:00:00,252,0.0053415190130485
AggReturn,2018-09-12 00:00:00,126,0.0053415190130485
AggReturn,2018-09-12 00:00:00,63,0.0067810459682516
AggReturn,2018-09-13 00:00:00,252,-0.0078661148027874
AggReturn,2018-09-13 00:00:00,126,-0.0078661148027874
AggReturn,2018-09-13 00:00:00,63,-0.0014566159065429
AggReturn,2018-09-14 00:00:00,252,0.0065972647049309
AggReturn,2018-09-14 00:00:00,126,0.0065972647049309
AggReturn,2018-09-14 00:00:00,63,0.0088299591338568
AggReturn,2018-09-17 00:00:00,252,-0.0061783583214276
AggReturn,2018-09-17 00:00:00,126,-0.0061783583214276
AggReturn,2018-09-17 00:00:00,63,-0.0060131903449325
AggReturn,2018-09-18 00:00:00,252,-0.0126429961111593
AggReturn,2018-09-18 00:00:00,126,-0.0126429961111593
AggReturn,2018-09-18 00:00:00,63,-0.0096767802207085
AggReturn,2018-09-19 00:00:00,252,0.0061337381238421
AggReturn,2018-09-19 00:00:00,126,0.0061337381238421
AggReturn,2018-09-19 00:00:00,63,0.001913982919047
AggReturn,2018-09-20 00:00:00,252,-0.0038940921489999
AggReturn,2018-09-20 00:00:00,126,-0.0038940921489999
AggReturn,2018-09-20 00:00:00,63,-0.0032177775580437
AggReturn,2018-09-21 00:00:00,252,0.0008897873151069
AggReturn,2018-09-21 00:00:00,126,0.0008897873151069
AggReturn,2018-09-21 00:00:00,63,0.0046761498988064
AggReturn,2018-09-24 00:00:00,252,-0.0043242482938363
AggReturn,2018-09-24 00:00:00,126,-0.0043242482938363
AggReturn,2018-09-24 00:00:00,63,-0.0048587872348868
AggReturn,2018-09-25 00:00:00,252,0.0074510341703729
AggReturn,2018-09-25 00:00:00,126,0.0074510341703729
AggReturn,2018-09-25 00:00:00,63,0.0079913895171277
AggReturn,2018-09-26 00:00:00,252,0.005472394891023
AggReturn,2018-09-26 00:00:00,126,0.005472394891023
AggReturn,2018-09-26 00:00:00,63,0.0021396658178851
AggReturn,2018-09-27 00:00:00,252,0.005901059454812
AggReturn,2018-09-27 00:00:00,126,0.005901059454812
AggReturn,2018-09-27 00:00:00,63,0.0064277551881062
AggReturn,2018-09-28 00:00:00,252,0.0003915213502329
AggReturn,2018-09-28 00:00:00,126,0.0003915213502329
AggReturn,2018-09-28 00:00:00,63,0.0012516469610813
AggReturn,2018-10-01 00:00:00,252,0.0035878008554854
AggReturn,2018-10-01 00:00:00,126,0.0035878008554854
AggReturn,2018-10-01 00:00:00,63,0.0006155194761554
AggReturn,2018-10-02 00:00:00,252,-0.0041183852771157
AggReturn,2018-10-02 00:00:00,126,-0.0041183852771157
AggReturn,2018-10-02 00:00:00,63,0.0012168617160725
AggReturn,2018-10-03 00:00:00,252,-0.0163307278774947
AggReturn,2018-10-03 00:00:00,126,-0.0163307278774947
AggReturn,2018-10-03 00:00:00,63,-0.0124093228675592
AggReturn,2018-10-04 00:00:00,252,0.0066678685716661
AggReturn,2018-10-04 00:00:00,126,0.0066678685716661
AggReturn,2018-10-04 00:00:00,63,0.0060098236095291
AggReturn,2018-10-05 00:00:00,252,-0.0070680284949753
AggReturn,2018-10-05 00:00:00,126,-0.0070680284949753
AggReturn,2018-10-05 00:00:00,63,0.0034357253480338
AggReturn,2018-10-08 00:00:00,252,0.0004905089162957
AggReturn,2018-10-08 00:00:00,126,0.0004905089162957
AggReturn,2018-10-08 00:00:00,63,0.003083280309129
AggReturn,2018-10-09 00:00:00,252,0.0090591921861907
AggReturn,2018-10-09 00:00:00,126,0.0090591921861907
AggReturn,2018-10-09 00:00:00,63,0.0057707196113879
AggReturn,2018-10-10 00:00:00,252,0.0061425529340515
AggReturn,2018-10-10 00:00:00,126,0.0061425529340515
AggReturn,2018-10-10 00:00:00,63,0.0056546988530619
AggReturn,2018-10-11 00:00:00,252,-0.0076032571969051
AggReturn,2018-10-11 00:00:00,126,-0.0076032571969051
AggReturn,2018-10-11 00:00:00,63,-0.0020075438159359
AggReturn,2018-10-12 00:00:00,252,0.014637233962114
AggReturn,2018-10-12 00:00:00,126,0.014637233962114
AggReturn,2018-10-12 00:00:00,63,0.0078054269732276
AggReturn,2018-10-15 00:00:00,252,0.0064502580703465
AggReturn,2018-10-15 00:00:00,126,0.0064502580703465
AggReturn,2018-10-15 00:00:00,63,0.0058350637743647
AggReturn,2018-10-16 00:00:00,252,-0.000524556375205
AggReturn,2018-10-16 00:00:00,126,-0.000524556375205
AggReturn,2018-10-16 00:00:00,63,0.0025601069418719
AggReturn,2018-10-17 00:00:00,252,-0.003029775678962
AggReturn,2018-10-17 00:00:00,126,-0.003029775678962
AggReturn,2018-10-17 00:00:00,63,0.0044368334421085
AggReturn,2018-10-18 00:00:00,252,-0.0247995269846246
AggReturn,2018-10-18 00:00:00,126,-0.0247995269846246
AggReturn,2018-10-18 00:00:00,63,-0.0080761492208079
AggReturn,2018-10-19 00:00:00,252,-0.0063305558921994
AggReturn,2018-10-19 00:00:00,126,-0.0063305558921994
AggReturn,2018-10-19 00:00:00,63,-0.0012984972251201
AggReturn,2018-10-22 00:00:00,252,0.0021144608457201
AggReturn,2018-10-22 00:00:00,126,0.0021144608457201
AggReturn,2018-10-22 00:00:00,63,0.0018779553795191
AggReturn,2018-10-23 00:00:00,252,-0.005737196329183
AggReturn,2018-10-23 00:00:00,126,-0.005737196329183
AggReturn,2018-10-23 00:00:00,63,0.0015999510174313
AggReturn,2018-10-24 00:00:00,252,0.0153574103697765
AggReturn,2018-10-24 00:00:00,126,0.0153574103697765
AggReturn,2018-10-24 00:00:00,63,0.0117945813459403
AggReturn,2018-10-25 00:00:00,252,0.0086707145581276
AggReturn,2018-10-25 00:00:00,126,0.0086707145581276
AggReturn,2018-10-25 00:00:00,63,0.0080986431869541
AggReturn,2018-10-26 00:00:00,252,0.0008749709425948
AggReturn,2018-10-26 00:00:00,126,0.0008749709425948
AggReturn,2018-10-26 00:00:00,63,0.0032407219572253
AggReturn,2018-10-29 00:00:00,252,0.0003660040393702
AggReturn,2018-10-29 00:00:00,126,0.0003660040393702
AggReturn,2018-10-29 00:00:00,63,0.003987502575845
AggReturn,2018-10-30 00:00:00,252,-0.0091295145141587
AggReturn,2018-10-30 00:00:00,126,-0.0091295145141587
AggReturn,2018-10-30 00:00:00,63,-0.0057293454892468
AggReturn,2018-10-31 00:00:00,252,-0.0011822247064384
AggReturn,2018-10-31 00:00:00,126,-0.0011822247064384
AggReturn,2018-10-31 00:00:00,63,-0.0030414480966129
AggReturn,2018-11-01 00:00:00,252,0.0002553144814873
AggReturn,2018-11-01 00:00:00,126,0.0002297806667867
AggReturn,2018-11-01 00:00:00,63,0.0001482925789089
AggReturn,2018-11-02 00:00:00,252,-0.0164360340256119
AggReturn,2018-11-02 00:00:00,126,-0.0225266339329744
AggReturn,2018-11-02 00:00:00,63,-0.0189897036873693
AggReturn,2018-11-05 00:00:00,252,-0.0053210354073663
AggReturn,2018-11-05 00:00:00,126,-0.0049495657898661
AggReturn,2018-11-05 00:00:00,63,0.0003448671355495
AggReturn,2018-11-06 00:00:00,252,0.0047355889363674
AggReturn,2018-11-06 00:00:00,126,0.0043126887145324
AggReturn,2018-11-06 00:00:00,63,-1.0868827949742869e-05
AggReturn,2018-11-07 00:00:00,252,0.0024821114056531
AggReturn,2018-11-07 00:00:00,126,0.0027717409717697
AggReturn,2018-11-07 00:00:00,63,0.0009908849719592
AggReturn,2018-11-08 00:00:00,252,0.0066423534486604
AggReturn,2018-11-08 00:00:00,126,0.0034033584076553
AggReturn,2018-11-08 00:00:00,63,0.0043145791002698
AggReturn,2018-11-09 00:00:00,252,0.0034308975991017
AggReturn,2018-11-09 00:00:00,126,0.0029974319426089
AggReturn,2018-11-09 00:00:00,63,-0.0069341408241536
AggReturn,2018-11-12 00:00:00,252,-0.0049369471058045
AggReturn,2018-11-12 00:00:00,126,0.0004176257625499
AggReturn,2018-11-12 00:00:00,63,0.0063470937894496
AggReturn,2018-11-13 00:00:00,252,-0.0111578071913678
AggReturn,2018-11-13 00:00:00,126,0.0058714883466813
AggReturn,2018-11-13 00:00:00,63,-0.0044799891689873
AggReturn,2018-11-14 00:00:00,252,0.0058035055081415
AggReturn,2018-11-14 00:00:00,126,-0.0068472460885169
AggReturn,2018-11-14 00:00:00,63,-0.0081061009506116
AggReturn,2018-11-15 00:00:00,252,-0.0071974106583047
AggReturn,2018-11-15 00:00:00,126,-0.0043267760888944
AggReturn,2018-11-15 00:00:00,63,-0.0098827575325519
AggReturn,2018-11-16 00:00:00,252,-0.0083054552788431
AggReturn,2018-11-16 00:00:00,126,0.0040638108887701
AggReturn,2018-11-16 00:00:00,63,0.0084332490281192
AggReturn,2018-11-19 00:00:00,252,0.0020339387342203
AggReturn,2018-11-19 00:00:00,126,0.000784894211932
AggReturn,2018-11-19 00:00:00,63,-0.0027942356933052
AggReturn,2018-11-20 00:00:00,252,-0.0125529510106572
AggReturn,2018-11-20 00:00:00,126,0.003954761120289
AggReturn,2018-11-20 00:00:00,63,0.0013490165273143
AggReturn,2018-11-21 00:00:00,252,0.0044856306706071
AggReturn,2018-11-21 00:00:00,126,0.0001385067967219
AggReturn,2018-11-21 00:00:00,63,-0.0011997160947216
AggReturn,2018-11-23 00:00:00,252,0.0063954278961936
AggReturn,2018-11-23 00:00:00,126,-0.002392750749949
AggReturn,2018-11-23 00:00:00,63,0.0016509259902591
AggReturn,2018-11-26 00:00:00,252,0.0009282369157826
AggReturn,2018-11-26 00:00:00,126,0.0018119314959579
AggReturn,2018-11-26 00:00:00,63,0.0001671836928021
AggReturn,2018-11-27 00:00:00,252,0.0009701938081362
AggReturn,2018-11-27 00:00:00,126,-0.0002518952711273
AggReturn,2018-11-27 00:00:00,63,0.0045477119996829
AggReturn,2018-11-28 00:00:00,252,0.0115860421462329
AggReturn,2018-11-28 00:00:00,126,0.0097874402806458
AggReturn,2018-11-28 00:00:00,63,0.0041030607827785
AggReturn,2018-11-29 00:00:00,252,-0.0026802640899671
AggReturn,2018-11-29 00:00:00,126,-0.0060309080237352
AggReturn,2018-11-29 00:00:00,63,-0.0050736951994419
AggReturn,2018-11-30 00:00:00,252,0.0092452313802492
AggReturn,2018-11-30 00:00:00,126,0.010583982937473
AggReturn,2018-11-30 00:00:00,63,0.01220450778459
AggReturn,2018-12-03 00:00:00,252,0.0003901011570945
AggReturn,2018-12-03 00:00:00,126,-0.0133585353976052
AggReturn,2018-12-03 00:00:00,63,-0.0063099964393316
AggReturn,2018-12-04 00:00:00,252,-0.0002151073830785
AggReturn,2018-12-04 00:00:00,126,-0.0002151073830785
AggReturn,2018-12-04 00:00:00,63,0.0076480369314166
AggReturn,2018-12-06 00:00:00,252,0.0069485367303044
AggReturn,2018-12-06 00:00:00,126,0.0069485367303044
AggReturn,2018-12-06 00:00:00,63,0.0113277539789258
AggReturn,2018-12-07 00:00:00,252,-0.0006477831543958
AggReturn,2018-12-07 00:00:00,126,-0.0006477831543958
AggReturn,2018-12-07 00:00:00,63,-0.0027717301333109
AggReturn,2018-12-10 00:00:00,252,-0.0003538824413833
AggReturn,2018-12-10 00:00:00,126,-0.0003538824413833
AggReturn,2018-12-10 00:00:00,63,0.0042330003388181
AggReturn,2018-12-11 00:00:00,252,0.0121519583113196
AggReturn,2018-12-11 00:00:00,126,0.0121519583113196
AggReturn,2018-12-11 00:00:00,63,-0.0044359863717415
AggReturn,2018-12-12 00:00:00,252,0.0025799206973745
AggReturn,2018-12-12 00:00:00,126,0.0025799206973745
AggReturn,2018-12-12 00:00:00,63,0.0007291980908508
AggReturn,2018-12-13 00:00:00,252,-0.0003623389467864
AggReturn,2018-12-13 00:00:00,126,-0.0003623389467864
AggReturn,2018-12-13 00:00:00,63,-0.0050100264757946
AggReturn,2018-12-14 00:00:00,252,-0.0023645087269179
AggReturn,2018-12-14 00:00:00,126,-0.0023645087269179
AggReturn,2018-12-14 00:00:00,63,0.0047065430679008
AggReturn,2018-12-17 00:00:00,252,-0.0217251777205532
AggReturn,2018-12-17 00:00:00,126,-0.0217251777205532
AggReturn,2018-12-17 00:00:00,63,-0.0193231975340381
AggReturn,2018-12-18 00:00:00,252,0.010517747259912
AggReturn,2018-12-18 00:00:00,126,0.010517747259912
AggReturn,2018-12-18 00:00:00,63,0.0085471871926731
AggReturn,2018-12-19 00:00:00,252,-0.0027947048956126
AggReturn,2018-12-19 00:00:00,126,-0.0027947048956126
AggReturn,2018-12-19 00:00:00,63,-0.0078152934950837
AggReturn,2018-12-20 00:00:00,252,0.0044910387986517
AggReturn,2018-12-20 00:00:00,126,0.0044910387986517
AggReturn,2018-12-20 00:00:00,63,-0.0044373496331554
AggReturn,2018-12-21 00:00:00,252,0.0042326036398442
AggReturn,2018-12-21 00:00:00,126,0.0042326036398442
AggReturn,2018-12-21 00:00:00,63,-0.0004477490976084
AggReturn,2018-12-24 00:00:00,252,-0.0041006966425888
AggReturn,2018-12-24 00:00:00,126,-0.0041006966425888
AggReturn,2018-12-24 00:00:00,63,0.0026420562016174
AggReturn,2018-12-26 00:00:00,252,-0.0007057649592973
AggReturn,2018-12-26 00:00:00,126,-0.0007057649592973
AggReturn,2018-12-26 00:00:00,63,0.0045224506099393
AggReturn,2018-12-27 00:00:00,252,0.0006020900164175
AggReturn,2018-12-27 00:00:00,126,0.0006020900164175
AggReturn,2018-12-27 00:00:00,63,-0.0061156872212246
AggReturn,2018-12-28 00:00:00,252,-0.0034620123971964
AggReturn,2018-12-28 00:00:00,126,-0.0034620123971964
AggReturn,2018-12-28 00:00:00,63,-0.0057415263584016
AggReturn,2018-12-31 00:00:00,252,0.0040564077757691
AggReturn,2018-12-31 00:00:00,126,0.0040564077757691
AggReturn,2018-12-31 00:00:00,63,0.0025241485487246
AggReturn,2019-01-02 00:00:00,252,0.0022756460049608
AggReturn,2019-01-02 00:00:00,126,0.0021981292348401
AggReturn,2019-01-02 00:00:00,63,0.003207438896454
AggReturn,2019-01-03 00:00:00,252,-0.020521189138209
AggReturn,2019-01-03 00:00:00,126,0.0160732690470156
AggReturn,2019-01-03 00:00:00,63,0.0160732690470156
AggReturn,2019-01-04 00:00:00,252,-0.003443952126663
AggReturn,2019-01-04 00:00:00,126,-0.0064314149146128
AggReturn,2019-01-04 00:00:00,63,-0.0064314149146128
AggReturn,2019-01-07 00:00:00,252,-0.0092354085786705
AggReturn,2019-01-07 00:00:00,126,-0.0111465093235153
AggReturn,2019-01-07 00:00:00,63,-0.0111465093235153
AggReturn,2019-01-08 00:00:00,252,-0.0047530941985046
AggReturn,2019-01-08 00:00:00,126,-0.0006458066755337
AggReturn,2019-01-08 00:00:00,63,-0.0006458066755337
AggReturn,2019-01-09 00:00:00,252,0.0066692720332973
AggReturn,2019-01-09 00:00:00,126,0.0030893788524789
AggReturn,2019-01-09 00:00:00,63,0.0030893788524789
AggReturn,2019-01-10 00:00:00,252,-0.0018987469230963
AggReturn,2019-01-10 00:00:00,126,-0.0069977308427967
AggReturn,2019-01-10 00:00:00,63,-0.0069977308427967
AggReturn,2019-01-11 00:00:00,252,0.0025050624394746
AggReturn,2019-01-11 00:00:00,126,0.00065606692227
AggReturn,2019-01-11 00:00:00,63,0.00065606692227
AggReturn,2019-01-14 00:00:00,252,-0.0048032386152468
AggReturn,2019-01-14 00:00:00,126,-0.0033453989588521
AggReturn,2019-01-14 00:00:00,63,-0.0033453989588521
AggReturn,2019-01-15 00:00:00,252,0.0004466264771881
AggReturn,2019-01-15 00:00:00,126,0.0051910691797385
AggReturn,2019-01-15 00:00:00,63,0.0051910691797385
AggReturn,2019-01-16 00:00:00,252,0.0075733784674026
AggReturn,2019-01-16 00:00:00,126,-0.0011145374291168
AggReturn,2019-01-16 00:00:00,63,-0.0011145374291168
AggReturn,2019-01-17 00:00:00,252,0.0076486307211143
AggReturn,2019-01-17 00:00:00,126,0.0041365796295221
AggReturn,2019-01-17 00:00:00,63,0.0041365796295221
AggReturn,2019-01-18 00:00:00,252,-0.0074867719420297
AggReturn,2019-01-18 00:00:00,126,-0.004881857614059
AggReturn,2019-01-18 00:00:00,63,-0.004881857614059
AggReturn,2019-01-22 00:00:00,252,0.0022104795590145
AggReturn,2019-01-22 00:00:00,126,0.000514311599502
AggReturn,2019-01-22 00:00:00,63,0.000514311599502
AggReturn,2019-01-23 00:00:00,252,0.0036033840592458
AggReturn,2019-01-23 00:00:00,126,0.0066698686821222
AggReturn,2019-01-23 00:00:00,63,0.0066698686821222
AggReturn,2019-01-24 00:00:00,252,0.0028253812306864
AggReturn,2019-01-24 00:00:00,126,-0.0013010110568727
AggReturn,2019-01-24 00:00:00,63,-0.0013010110568727
AggReturn,2019-01-25 00:00:00,252,-0.0048830912116002
AggReturn,2019-01-25 00:00:00,126,-0.0032979416083306
AggReturn,2019-01-25 00:00:00,63,-0.0032979416083306
AggReturn,2019-01-28 00:00:00,252,-0.0003049881959632
AggReturn,2019-01-28 00:00:00,126,-0.0058258956651795
AggReturn,2019-01-28 00:00:00,63,-0.0058258956651795
AggReturn,2019-01-29 00:00:00,252,0.0009531468171021
AggReturn,2019-01-29 00:00:00,126,0.0031606303530197
AggReturn,2019-01-29 00:00:00,63,0.0031606303530197
AggReturn,2019-01-30 00:00:00,252,0.002426733470146
AggReturn,2019-01-30 00:00:00,126,-0.0121812639013414
AggReturn,2019-01-30 00:00:00,63,-0.0121812639013414
AggReturn,2019-01-31 00:00:00,252,3.45663010623738e-05
AggReturn,2019-01-31 00:00:00,126,-0.0033896715869518
AggReturn,2019-01-31 00:00:00,63,-0.0033896715869518
AggReturn,2019-02-01 00:00:00,252,-0.0069386040157368
AggReturn,2019-02-01 00:00:00,126,0.0034413316313296
AggReturn,2019-02-01 00:00:00,63,0.0034413316313296
AggReturn,2019-02-04 00:00:00,252,0.0039352942808859
AggReturn,2019-02-04 00:00:00,126,0.003525795524267
AggReturn,2019-02-04 00:00:00,63,0.003525795524267
AggReturn,2019-02-05 00:00:00,252,0.0056390764124291
AggReturn,2019-02-05 00:00:00,126,-0.0005281905842119
AggReturn,2019-02-05 00:00:00,63,-0.0005281905842119
AggReturn,2019-02-06 00:00:00,252,0.0018875373550792
AggReturn,2019-02-06 00:00:00,126,-0.0019209378026343
AggReturn,2019-02-06 00:00:00,63,-0.0019209378026343
AggReturn,2019-02-07 00:00:00,252,0.0018790390150054
AggReturn,2019-02-07 00:00:00,126,0.0009067635127262
AggReturn,2019-02-07 00:00:00,63,0.0009067635127262
AggReturn,2019-02-08 00:00:00,252,0.0043659679071611
AggReturn,2019-02-08 00:00:00,126,0.0083060070509544
AggReturn,2019-02-08 00:00:00,63,0.0083060070509544
AggReturn,2019-02-11 00:00:00,252,0.0006872169504941
AggReturn,2019-02-11 00:00:00,126,0.0001746522924623
AggReturn,2019-02-11 00:00:00,63,0.0001746522924623
AggReturn,2019-02-12 00:00:00,252,-0.0076907053107715
AggReturn,2019-02-12 00:00:00,126,-0.0079293866446892
AggReturn,2019-02-12 00:00:00,63,-0.0079293866446892
AggReturn,2019-02-13 00:00:00,252,-0.00025355933281
AggReturn,2019-02-13 00:00:00,126,0.0016785691245886
AggReturn,2019-02-13 00:00:00,63,0.0016785691245886
AggReturn,2019-02-14 00:00:00,252,-0.005303024229554
AggReturn,2019-02-14 00:00:00,126,0.000111567325435
AggReturn,2019-02-14 00:00:00,63,0.000111567325435
AggReturn,2019-02-15 00:00:00,252,0.001649307464573
AggReturn,2019-02-15 00:00:00,126,0.0028375457137432
AggReturn,2019-02-15 00:00:00,63,0.0028375457137432
AggReturn,2019-02-19 00:00:00,252,-0.0005692999612717
AggReturn,2019-02-19 00:00:00,126,0.0056588948214332
AggReturn,2019-02-19 00:00:00,63,0.0056588948214332
AggReturn,2019-02-20 00:00:00,252,-0.0011789289625145
AggReturn,2019-02-20 00:00:00,126,-0.0029032792504912
AggReturn,2019-02-20 00:00:00,63,-0.0029032792504912
AggReturn,2019-02-21 00:00:00,252,-0.0061985741996977
AggReturn,2019-02-21 00:00:00,126,-0.0083226110349119
AggReturn,2019-02-21 00:00:00,63,-0.0083226110349119
AggReturn,2019-02-22 00:00:00,252,0.000272635421358
AggReturn,2019-02-22 00:00:00,126,0.0004221817050929
AggReturn,2019-02-22 00:00:00,63,0.0004221817050929
AggReturn,2019-02-25 00:00:00,252,0.0038956055698908
AggReturn,2019-02-25 00:00:00,126,0.0007267258933293
AggReturn,2019-02-25 00:00:00,63,0.0007267258933293
AggReturn,2019-02-26 00:00:00,252,0.0033358388971974
AggReturn,2019-02-26 00:00:00,126,-0.008185362903365
AggReturn,2019-02-26 00:00:00,63,-0.008185362903365
AggReturn,2019-02-27 00:00:00,252,-0.0054659079877859
AggReturn,2019-02-27 00:00:00,126,-0.0003580385994196
AggReturn,2019-02-27 00:00:00,63,-0.0003580385994196
AggReturn,2019-02-28 00:00:00,252,0.0049969358847929
AggReturn,2019-02-28 00:00:00,126,-0.0047665260236004
AggReturn,2019-02-28 00:00:00,63,-0.0047665260236004
AggReturn,2019-03-01 00:00:00,252,0.0080636469392788
AggReturn,2019-03-01 00:00:00,126,0.0122207835810961
AggReturn,2019-03-01 00:00:00,63,0.012177682010737
AggReturn,2019-03-04 00:00:00,252,-0.0019330476888858
AggReturn,2019-03-04 00:00:00,126,-0.0019330476888858
AggReturn,2019-03-04 00:00:00,63,-0.0022814904973289
AggReturn,2019-03-05 00:00:00,252,0.0017550902608776
AggReturn,2019-03-05 00:00:00,126,0.0017550902608776
AggReturn,2019-03-05 00:00:00,63,0.0013527755168909
AggReturn,2019-03-06 00:00:00,252,0.0043925642255386
AggReturn,2019-03-06 00:00:00,126,0.0043925642255386
AggReturn,2019-03-06 00:00:00,63,-0.0024763039813421
AggReturn,2019-03-07 00:00:00,252,0.0024959505296165
AggReturn,2019-03-07 00:00:00,126,0.0024959505296165
AggReturn,2019-03-07 00:00:00,63,0.0077017602346075
AggReturn,2019-03-08 00:00:00,252,0.0055639558130732
AggReturn,2019-03-08 00:00:00,126,0.0055639558130732
AggReturn,2019-03-08 00:00:00,63,0.0038569616963816
AggReturn,2019-03-11 00:00:00,252,-0.0030242054002015
AggReturn,2019-03-11 00:00:00,126,-0.0030242054002015
AggReturn,2019-03-11 00:00:00,63,0.0015334757278303
AggReturn,2019-03-12 00:00:00,252,-0.005886056398605
AggReturn,2019-03-12 00:00:00,126,-0.005886056398605
AggReturn,2019-03-12 00:00:00,63,-0.0066475622671319
AggReturn,2019-03-13 00:00:00,252,-0.0042991778964354
AggReturn,2019-03-13 00:00:00,126,-0.0042991778964354
AggReturn,2019-03-13 00:00:00,63,-0.0045616148085699
AggReturn,2019-03-14 00:00:00,252,-0.0056095573790948
AggReturn,2019-03-14 00:00:00,126,-0.0056095573790948
AggReturn,2019-03-14 00:00:00,63,-0.0017563355947648
AggReturn,2019-03-15 00:00:00,252,0.0074366454865698
AggReturn,2019-03-15 00:00:00,126,0.0074366454865698
AggReturn,2019-03-15 00:00:00,63,0.005698191293637
AggReturn,2019-03-18 00:00:00,252,-0.0011878559469945
AggReturn,2019-03-18 00:00:00,126,-0.0011878559469945
AggReturn,2019-03-18 00:00:00,63,0.0007387562445226
AggReturn,2019-03-19 00:00:00,252,-0.0065583449192197
AggReturn,2019-03-19 00:00:00,126,-0.0065583449192197
AggReturn,2019-03-19 00:00:00,63,-0.0017377361930522
AggReturn,2019-03-20 00:00:00,252,0.0065978403925547
AggReturn,2019-03-20 00:00:00,126,0.0065978403925547
AggReturn,2019-03-20 00:00:00,63,0.0014624608957201
AggReturn,2019-03-21 00:00:00,252,-0.0046289419270399
AggReturn,2019-03-21 00:00:00,126,-0.0046289419270399
AggReturn,2019-03-21 00:00:00,63,-0.001176418540215
AggReturn,2019-03-22 00:00:00,252,-0.0011020663217446
AggReturn,2019-03-22 00:00:00,126,-0.0011020663217446
AggReturn,2019-03-22 00:00:00,63,-0.0011942251237885
AggReturn,2019-03-25 00:00:00,252,0.0057948152014291
AggReturn,2019-03-25 00:00:00,126,0.0057948152014291
AggReturn,2019-03-25 00:00:00,63,0.0027798995658345
AggReturn,2019-03-26 00:00:00,252,0.0037430615047772
AggReturn,2019-03-26 00:00:00,126,0.0037430615047772
AggReturn,2019-03-26 00:00:00,63,0.0050692170350048
AggReturn,2019-03-27 00:00:00,252,0.0026918996415227
AggReturn,2019-03-27 00:00:00,126,0.0026918996415227
AggReturn,2019-03-27 00:00:00,63,0.0013066317089173
AggReturn,2019-03-28 00:00:00,252,0.0010415131695037
AggReturn,2019-03-28 00:00:00,126,0.0010415131695037
AggReturn,2019-03-28 00:00:00,63,-0.0039586305353546
AggReturn,2019-03-29 00:00:00,252,-0.0028677387639546
AggReturn,2019-03-29 00:00:00,126,-0.0028677387639546
AggReturn,2019-03-29 00:00:00,63,0.0020197142176974
AggReturn,2019-04-01 00:00:00,252,0.0002188384960631
AggReturn,2019-04-01 00:00:00,126,0.0002188384960631
AggReturn,2019-04-01 00:00:00,63,-0.0018901157022567
AggReturn,2019-04-02 00:00:00,252,-0.0020864279581675
AggReturn,2019-04-02 00:00:00,126,-0.0020864279581675
AggReturn,2019-04-02 00:00:00,63,0.0022966250677837
AggReturn,2019-04-03 00:00:00,252,0.0026391688899721
AggReturn,2019-04-03 00:00:00,126,0.0026391688899721
AggReturn,2019-04-03 00:00:00,63,-0.0016710118400261
AggReturn,2019-04-04 00:00:00,252,-0.0082379812098981
AggReturn,2019-04-04 00:00:00,126,-0.0082379812098981
AggReturn,2019-04-04 00:00:00,63,-0.0012836954659881
AggReturn,2019-04-05 00:00:00,252,-0.0075197145110454
AggReturn,2019-04-05 00:00:00,126,-0.0075197145110454
AggReturn,2019-04-05 00:00:00,63,0.008636232435078
AggReturn,2019-04-08 00:00:00,252,0.0004055335535109
AggReturn,2019-04-08 00:00:00,126,0.0004055335535109
AggReturn,2019-04-08 00:00:00,63,0.0008582450636593
AggReturn,2019-04-09 00:00:00,252,-0.0050923860184219
AggReturn,2019-04-09 00:00:00,126,-0.0050923860184219
AggReturn,2019-04-09 00:00:00,63,0.0030143547707353
AggReturn,2019-04-10 00:00:00,252,0.0033941804843344
AggReturn,2019-04-10 00:00:00,126,0.0033941804843344
AggReturn,2019-04-10 00:00:00,63,-0.0041698046430817
AggReturn,2019-04-11 00:00:00,252,0.0017574563671995
AggReturn,2019-04-11 00:00:00,126,0.0017574563671995
AggReturn,2019-04-11 00:00:00,63,-0.0010515350452912
AggReturn,2019-04-12 00:00:00,252,0.0010485918068698
AggReturn,2019-04-12 00:00:00,126,0.0010485918068698
AggReturn,2019-04-12 00:00:00,63,0.0004247821260141
AggReturn,2019-04-15 00:00:00,252,-0.0006447528427312
AggReturn,2019-04-15 00:00:00,126,-0.0006447528427312
AggReturn,2019-04-15 00:00:00,63,-0.0104316887256492
AggReturn,2019-04-16 00:00:00,252,0.0054211744045798
AggReturn,2019-04-16 00:00:00,126,0.0054211744045798
AggReturn,2019-04-16 00:00:00,63,-0.0075304160301523
AggReturn,2019-04-17 00:00:00,252,0.0005779668171514
AggReturn,2019-04-17 00:00:00,126,0.0005779668171514
AggReturn,2019-04-17 00:00:00,63,0.0023283612836756
AggReturn,2019-04-18 00:00:00,252,0.0018967970484583
AggReturn,2019-04-18 00:00:00,126,0.0018967970484583
AggReturn,2019-04-18 00:00:00,63,-0.0029597557875816
AggReturn,2019-04-22 00:00:00,252,0.0052857006407489
AggReturn,2019-04-22 00:00:00,126,0.0052857006407489
AggReturn,2019-04-22 00:00:00,63,-0.0009282603787789
AggReturn,2019-04-23 00:00:00,252,-0.0067257078632016
AggReturn,2019-04-23 00:00:00,126,-0.0067257078632016
AggReturn,2019-04-23 00:00:00,63,0.0104175254453827
AggReturn,2019-04-24 00:00:00,252,-0.0010370739275204
AggReturn,2019-04-24 00:00:00,126,-0.0010370739275204
AggReturn,2019-04-24 00:00:00,63,-0.001341381067557
AggReturn,2019-04-25 00:00:00,252,0.0047575730162256
AggReturn,2019-04-25 00:00:00,126,0.0047575730162256
AggReturn,2019-04-25 00:00:00,63,-0.0099763620011344
AggReturn,2019-04-26 00:00:00,252,0.0059032236401055
AggReturn,2019-04-26 00:00:00,126,0.0059032236401055
AggReturn,2019-04-26 00:00:00,63,-0.011326672206196
AggReturn,2019-04-29 00:00:00,252,0.0044097384370735
AggReturn,2019-04-29 00:00:00,126,0.0044097384370735
AggReturn,2019-04-29 00:00:00,63,-0.0008713904169267
AggReturn,2019-04-30 00:00:00,252,0.0034338923503591
AggReturn,2019-04-30 00:00:00,126,0.0034338923503591
AggReturn,2019-04-30 00:00:00,63,0.000492083179406
AggReturn,2019-05-01 00:00:00,252,-0.006025193722337
AggReturn,2019-05-01 00:00:00,126,-0.0059870971190184
AggReturn,2019-05-01 00:00:00,63,0.0013696026579418
AggReturn,2019-05-02 00:00:00,252,0.0096251366423319
AggReturn,2019-05-02 00:00:00,126,-0.005900453882137
AggReturn,2019-05-02 00:00:00,63,0.0004332761514056
AggReturn,2019-05-03 00:00:00,252,-0.0041699849962592
AggReturn,2019-05-03 00:00:00,126,-0.0019527308842941
AggReturn,2019-05-03 00:00:00,63,-0.0048003415834775
AggReturn,2019-05-06 00:00:00,252,-0.0013796124126383
AggReturn,2019-05-06 00:00:00,126,0.0023986321951001
AggReturn,2019-05-06 00:00:00,63,-0.0026538730993782
AggReturn,2019-05-07 00:00:00,252,0.0068298144487217
AggReturn,2019-05-07 00:00:00,126,-0.0022775126194555
AggReturn,2019-05-07 00:00:00,63,0.0036546119294874
AggReturn,2019-05-08 00:00:00,252,0.0003016648223112
AggReturn,2019-05-08 00:00:00,126,0.0045589303208198
AggReturn,2019-05-08 00:00:00,63,0.0019435476166029
AggReturn,2019-05-09 00:00:00,252,0.0013681815247012
AggReturn,2019-05-09 00:00:00,126,0.003966340121334
AggReturn,2019-05-09 00:00:00,63,0.0035129792160939
AggReturn,2019-05-10 00:00:00,252,-0.0053421823254012
AggReturn,2019-05-10 00:00:00,126,0.0024969414749663
AggReturn,2019-05-10 00:00:00,63,-0.0010248585719723
AggReturn,2019-05-13 00:00:00,252,-0.0042009905915789
AggReturn,2019-05-13 00:00:00,126,0.0074567302438397
AggReturn,2019-05-13 00:00:00,63,-0.005123424535203
AggReturn,2019-05-14 00:00:00,252,-0.0062285999745792
AggReturn,2019-05-14 00:00:00,126,-0.0007184363932419
AggReturn,2019-05-14 00:00:00,63,-0.0021548635790073
AggReturn,2019-05-15 00:00:00,252,0.0028116911745399
AggReturn,2019-05-15 00:00:00,126,0.0014926432865562
AggReturn,2019-05-15 00:00:00,63,0.0007001637038779
AggReturn,2019-05-16 00:00:00,252,0.0005985210980742
AggReturn,2019-05-16 00:00:00,126,-0.0005471524307216
AggReturn,2019-05-16 00:00:00,63,0.0030666970199737
AggReturn,2019-05-17 00:00:00,252,0.0055011413865754
AggReturn,2019-05-17 00:00:00,126,0.0056176259289671
AggReturn,2019-05-17 00:00:00,63,0.0031750000028888
AggReturn,2019-05-20 00:00:00,252,-0.0026875755157286
AggReturn,2019-05-20 00:00:00,126,0.0017089428560811
AggReturn,2019-05-20 00:00:00,63,-0.0048425503049879
AggReturn,2019-05-21 00:00:00,252,0.0066351096425129
AggReturn,2019-05-21 00:00:00,126,-0.0036897917078564
AggReturn,2019-05-21 00:00:00,63,0.0063731742347948
AggReturn,2019-05-22 00:00:00,252,-0.0070590099216722
AggReturn,2019-05-22 00:00:00,126,0.0006862051529233
AggReturn,2019-05-22 00:00:00,63,-0.0063066067658193
AggReturn,2019-05-23 00:00:00,252,0.0045102791576627
AggReturn,2019-05-23 00:00:00,126,0.0038702366250396
AggReturn,2019-05-23 00:00:00,63,-0.0013324007422656
AggReturn,2019-05-24 00:00:00,252,0.004584916220776
AggReturn,2019-05-24 00:00:00,126,0.0035660949390616
AggReturn,2019-05-24 00:00:00,63,-0.0029272676182747
AggReturn,2019-05-28 00:00:00,252,-0.0005927233822932
AggReturn,2019-05-28 00:00:00,126,0.0066041963823412
AggReturn,2019-05-28 00:00:00,63,0.0010513433233218
AggReturn,2019-05-29 00:00:00,252,0.0064927922940604
AggReturn,2019-05-29 00:00:00,126,0.0010258919760574
AggReturn,2019-05-29 00:00:00,63,0.0033994009069166
AggReturn,2019-05-30 00:00:00,252,-0.0056914213850642
AggReturn,2019-05-30 00:00:00,126,0.0026737661445714
AggReturn,2019-05-30 00:00:00,63,0.0058268136097699
AggReturn,2019-05-31 00:00:00,252,0.0080224686898263
AggReturn,2019-05-31 00:00:00,126,0.0063412445021047
AggReturn,2019-05-31 00:00:00,63,0.0039784711989569
AggReturn,2019-06-03 00:00:00,252,0.0008044861116771
AggReturn,2019-06-03 00:00:00,126,0.0013466094440213
AggReturn,2019-06-03 00:00:00,63,0.0003955156302574
AggReturn,2019-06-04 00:00:00,252,-0.0081983187166598
AggReturn,2019-06-04 00:00:00,126,-0.0112902357911871
AggReturn,2019-06-04 00:00:00,63,-0.0112902357911871
AggReturn,2019-06-05 00:00:00,252,-0.0028463183221342
AggReturn,2019-06-05 00:00:00,126,0.0086707379830871
AggReturn,2019-06-05 00:00:00,63,0.0086707379830871
AggReturn,2019-06-06 00:00:00,252,0.0097435442539822
AggReturn,2019-06-06 00:00:00,126,0.0070778724425925
AggReturn,2019-06-06 00:00:00,63,0.0070778724425925
AggReturn,2019-06-07 00:00:00,252,0.0018615648938207
AggReturn,2019-06-07 00:00:00,126,0.0014598445201094
AggReturn,2019-06-07 00:00:00,63,0.0014598445201094
AggReturn,2019-06-10 00:00:00,252,-0.0002074899925434
AggReturn,2019-06-10 00:00:00,126,0.0068176650724797
AggReturn,2019-06-10 00:00:00,63,0.0068176650724797
AggReturn,2019-06-11 00:00:00,252,-0.0060643804156462
AggReturn,2019-06-11 00:00:00,126,-0.0033616080466466
AggReturn,2019-06-11 00:00:00,63,-0.0033616080466466
AggReturn,2019-06-12 00:00:00,252,0.0072246529635404
AggReturn,2019-06-12 00:00:00,126,0.0041889587156112
AggReturn,2019-06-12 00:00:00,63,0.0041889587156112
AggReturn,2019-06-13 00:00:00,252,0.0037146634146262
AggReturn,2019-06-13 00:00:00,126,0.0016298484377964
AggReturn,2019-06-13 00:00:00,63,0.0016298484377964
AggReturn,2019-06-14 00:00:00,252,0.0021701116243931
AggReturn,2019-06-14 00:00:00,126,-0.002079135738597
AggReturn,2019-06-14 00:00:00,63,-0.002079135738597
AggReturn,2019-06-17 00:00:00,252,0.0034743276550845
AggReturn,2019-06-17 00:00:00,126,0.0087353461158705
AggReturn,2019-06-17 00:00:00,63,0.0087353461158705
AggReturn,2019-06-18 00:00:00,252,-0.0059115084072557
AggReturn,2019-06-18 00:00:00,126,-0.0018016717969246
AggReturn,2019-06-18 00:00:00,63,-0.0018016717969246
AggReturn,2019-06-19 00:00:00,252,-0.007689778350712
AggReturn,2019-06-19 00:00:00,126,-0.0002134608094202
AggReturn,2019-06-19 00:00:00,63,-0.0002134608094202
AggReturn,2019-06-20 00:00:00,252,0.0005398382387834
AggReturn,2019-06-20 00:00:00,126,-0.0012601982789067
AggReturn,2019-06-20 00:00:00,63,-0.0012601982789067
AggReturn,2019-06-21 00:00:00,252,0.0032718126613318
AggReturn,2019-06-21 00:00:00,126,0.0001645495839621
AggReturn,2019-06-21 00:00:00,63,0.0001645495839621
AggReturn,2019-06-24 00:00:00,252,-0.000991611725793
AggReturn,2019-06-24 00:00:00,126,-0.0036904013179294
AggReturn,2019-06-24 00:00:00,63,-0.0036904013179294
AggReturn,2019-06-25 00:00:00,252,0.0030964637455161
AggReturn,2019-06-25 00:00:00,126,0.0009230433686682
AggReturn,2019-06-25 00:00:00,63,0.0009230433686682
AggReturn,2019-06-26 00:00:00,252,-0.0062516757178816
AggReturn,2019-06-26 00:00:00,126,-0.0087100610841959
AggReturn,2019-06-26 00:00:00,63,-0.0087100610841959
AggReturn,2019-06-27 00:00:00,252,-0.005955476641078
AggReturn,2019-06-27 00:00:00,126,0.0020455212756198
AggReturn,2019-06-27 00:00:00,63,0.0020455212756198
AggReturn,2019-06-28 00:00:00,252,0.0024150632528341
AggReturn,2019-06-28 00:00:00,126,0.0032279965785356
AggReturn,2019-06-28 00:00:00,63,0.0032279965785356
AggReturn,2019-07-01 00:00:00,252,-0.0064757013057705
AggReturn,2019-07-01 00:00:00,126,0.0023362343812601
AggReturn,2019-07-01 00:00:00,63,0.0023362343812601
AggReturn,2019-07-02 00:00:00,252,0.0074361744850061
AggReturn,2019-07-02 00:00:00,126,0.006878392528083
AggReturn,2019-07-02 00:00:00,63,0.0068297917635978
AggReturn,2019-07-03 00:00:00,252,-0.0003973953817883
AggReturn,2019-07-03 00:00:00,126,-0.0015640052741631
AggReturn,2019-07-03 00:00:00,63,-0.0003973953817883
AggReturn,2019-07-05 00:00:00,252,0.0061070419410396
AggReturn,2019-07-05 00:00:00,126,0.0044719210635582
AggReturn,2019-07-05 00:00:00,63,0.0061070419410396
AggReturn,2019-07-08 00:00:00,252,-0.0035170183740153
AggReturn,2019-07-08 00:00:00,126,-0.0038707324435332
AggReturn,2019-07-08 00:00:00,63,-0.0035170183740153
AggReturn,2019-07-09 00:00:00,252,0.0115222397684456
AggReturn,2019-07-09 00:00:00,126,0.0056620630755738
AggReturn,2019-07-09 00:00:00,63,0.0115222397684456
AggReturn,2019-07-10 00:00:00,252,-0.0080071206668156
AggReturn,2019-07-10 00:00:00,126,-0.0043264329193987
AggReturn,2019-07-10 00:00:00,63,-0.0080071206668156
AggReturn,2019-07-11 00:00:00,252,0.0001069994522987
AggReturn,2019-07-11 00:00:00,126,0.004493130604477
AggReturn,2019-07-11 00:00:00,63,0.0001069994522987
AggReturn,2019-07-12 00:00:00,252,0.0004528736871585
AggReturn,2019-07-12 00:00:00,126,0.0009821743165592
AggReturn,2019-07-12 00:00:00,63,0.0004528736871585
AggReturn,2019-07-15 00:00:00,252,-0.0049480376847672
AggReturn,2019-07-15 00:00:00,126,0.0090043740534338
AggReturn,2019-07-15 00:00:00,63,-0.0049480376847672
AggReturn,2019-07-16 00:00:00,252,-0.0071808579316361
AggReturn,2019-07-16 00:00:00,126,-0.0003079178674394
AggReturn,2019-07-16 00:00:00,63,-0.0071808579316361
AggReturn,2019-07-17 00:00:00,252,-4.785532712195959e-06
AggReturn,2019-07-17 00:00:00,126,0.000218704570079
AggReturn,2019-07-17 00:00:00,63,-4.785532712195959e-06
AggReturn,2019-07-18 00:00:00,252,0.0006034690673214
AggReturn,2019-07-18 00:00:00,126,0.0014276166812937
AggReturn,2019-07-18 00:00:00,63,0.0006034690673214
AggReturn,2019-07-19 00:00:00,252,0.0007303327013765
AggReturn,2019-07-19 00:00:00,126,0.0033526874350441
AggReturn,2019-07-19 00:00:00,63,0.0007303327013765
AggReturn,2019-07-22 00:00:00,252,-0.0052111456913339
AggReturn,2019-07-22 00:00:00,126,-0.0030070553708031
AggReturn,2019-07-22 00:00:00,63,-0.0052111456913339
AggReturn,2019-07-23 00:00:00,252,-0.0028617808897162
AggReturn,2019-07-23 00:00:00,126,0.0085753658990718
AggReturn,2019-07-23 00:00:00,63,-0.0028617808897162
AggReturn,2019-07-24 00:00:00,252,0.0015650456501167
AggReturn,2019-07-24 00:00:00,126,-0.0003978515406706
AggReturn,2019-07-24 00:00:00,63,0.0015650456501167
AggReturn,2019-07-25 00:00:00,252,-0.0016254936019576
AggReturn,2019-07-25 00:00:00,126,-0.0027188579481645
AggReturn,2019-07-25 00:00:00,63,-0.0016254936019576
AggReturn,2019-07-26 00:00:00,252,0.0100885079557113
AggReturn,2019-07-26 00:00:00,126,0.0046604960487105
AggReturn,2019-07-26 00:00:00,63,0.0100885079557113
AggReturn,2019-07-29 00:00:00,252,-0.0004060302974023
AggReturn,2019-07-29 00:00:00,126,0.0019297551816262
AggReturn,2019-07-29 00:00:00,63,-0.0004060302974023
AggReturn,2019-07-30 00:00:00,252,0.0013454296833431
AggReturn,2019-07-30 00:00:00,126,-0.0019153186136453
AggReturn,2019-07-30 00:00:00,63,0.0013454296833431
AggReturn,2019-07-31 00:00:00,252,-0.0088767951251507
AggReturn,2019-07-31 00:00:00,126,0.0054426157545423
AggReturn,2019-07-31 00:00:00,63,-0.0088767951251507
AggReturn,2019-08-01 00:00:00,252,0.0030626400821573
AggReturn,2019-08-01 00:00:00,126,0.0026758703752265
AggReturn,2019-08-01 00:00:00,63,0.0030626400821573
AggReturn,2019-08-02 00:00:00,252,0.0177768352392067
AggReturn,2019-08-02 00:00:00,126,0.0031980711492081
AggReturn,2019-08-02 00:00:00,63,0.0177768352392067
AggReturn,2019-08-05 00:00:00,252,0.0100929383220338
AggReturn,2019-08-05 00:00:00,126,-0.0022633122629388
AggReturn,2019-08-05 00:00:00,63,0.0100929383220338
AggReturn,2019-08-06 00:00:00,252,-0.0011277436739991
AggReturn,2019-08-06 00:00:00,126,-0.0025046522980007
AggReturn,2019-08-06 00:00:00,63,-0.0011277436739991
AggReturn,2019-08-07 00:00:00,252,0.0070430420439945
AggReturn,2019-08-07 00:00:00,126,0.008020907548205
AggReturn,2019-08-07 00:00:00,63,0.0070430420439945
AggReturn,2019-08-08 00:00:00,252,-0.0001186077325256
AggReturn,2019-08-08 00:00:00,126,0.0038784369488747
AggReturn,2019-08-08 00:00:00,63,-0.0001186077325256
AggReturn,2019-08-09 00:00:00,252,-0.0001820113530153
AggReturn,2019-08-09 00:00:00,126,0.0008361361382152
AggReturn,2019-08-09 00:00:00,63,-0.0001820113530153
AggReturn,2019-08-12 00:00:00,252,0.0061752464164121
AggReturn,2019-08-12 00:00:00,126,0.0041516984281322
AggReturn,2019-08-12 00:00:00,63,0.0061752464164121
AggReturn,2019-08-13 00:00:00,252,0.0036920235740714
AggReturn,2019-08-13 00:00:00,126,0.0040019366244049
AggReturn,2019-08-13 00:00:00,63,0.0036920235740714
AggReturn,2019-08-14 00:00:00,252,-0.0002104175121288
AggReturn,2019-08-14 00:00:00,126,0.0027586910866284
AggReturn,2019-08-14 00:00:00,63,-0.0002104175121288
AggReturn,2019-08-15 00:00:00,252,0.0038850450343111
AggReturn,2019-08-15 00:00:00,126,0.010313311706775
AggReturn,2019-08-15 00:00:00,63,0.0038850450343111
AggReturn,2019-08-16 00:00:00,252,0.0067290789406546
AggReturn,2019-08-16 00:00:00,126,0.0047432884840309
AggReturn,2019-08-16 00:00:00,63,0.0067290789406546
AggReturn,2019-08-19 00:00:00,252,-0.0083001429048692
AggReturn,2019-08-19 00:00:00,126,-0.000566718548627
AggReturn,2019-08-19 00:00:00,63,-0.0083001429048692
AggReturn,2019-08-20 00:00:00,252,0.0013814464990582
AggReturn,2019-08-20 00:00:00,126,0.0031518098650215
AggReturn,2019-08-20 00:00:00,63,0.0013814464990582
AggReturn,2019-08-21 00:00:00,252,-0.0041501891281595
AggReturn,2019-08-21 00:00:00,126,-0.0001579431034338
AggReturn,2019-08-21 00:00:00,63,-0.0041501891281595
AggReturn,2019-08-22 00:00:00,252,0.0028491079649497
AggReturn,2019-08-22 00:00:00,126,0.0034149624293116
AggReturn,2019-08-22 00:00:00,63,0.0028491079649497
AggReturn,2019-08-23 00:00:00,252,0.0086743011577867
AggReturn,2019-08-23 00:00:00,126,0.0041378767116572
AggReturn,2019-08-23 00:00:00,63,0.0086743011577867
AggReturn,2019-08-26 00:00:00,252,-0.001720384948126
AggReturn,2019-08-26 00:00:00,126,-0.0005480708503771
AggReturn,2019-08-26 00:00:00,63,-0.001720384948126
AggReturn,2019-08-27 00:00:00,252,0.008082853985216
AggReturn,2019-08-27 00:00:00,126,0.0048857462515884
AggReturn,2019-08-27 00:00:00,63,0.008082853985216
AggReturn,2019-08-28 00:00:00,252,0.00580654010341
AggReturn,2019-08-28 00:00:00,126,0.0049610584267816
AggReturn,2019-08-28 00:00:00,63,0.00580654010341
AggReturn,2019-08-29 00:00:00,252,-0.0041218848967189
AggReturn,2019-08-29 00:00:00,126,0.0005093987563666
AggReturn,2019-08-29 00:00:00,63,-0.0041218848967189
AggReturn,2019-08-30 00:00:00,252,-0.0031076550898686
AggReturn,2019-08-30 00:00:00,126,0.0010209837038704
AggReturn,2019-08-30 00:00:00,63,-0.0031076550898686
AggReturn,2019-09-03 00:00:00,252,0.0027363520381409
AggReturn,2019-09-03 00:00:00,126,-0.0024524976674235
AggReturn,2019-09-03 00:00:00,63,0.0027363520381409
AggReturn,2019-09-04 00:00:00,252,-0.0072601201094339
AggReturn,2019-09-04 00:00:00,126,-0.0080016339089947
AggReturn,2019-09-04 00:00:00,63,-0.0073086593102626
AggReturn,2019-09-05 00:00:00,252,-0.0056109049755377
AggReturn,2019-09-05 00:00:00,126,-0.0008919290054896
AggReturn,2019-09-05 00:00:00,63,-0.0008919290054896
AggReturn,2019-09-06 00:00:00,252,-0.0084831335991551
AggReturn,2019-09-06 00:00:00,126,-0.002642060234092
AggReturn,2019-09-06 00:00:00,63,-0.002642060234092
AggReturn,2019-09-09 00:00:00,252,-2.0291617241319223e-05
AggReturn,2019-09-09 00:00:00,126,0.0034855318152673
AggReturn,2019-09-09 00:00:00,63,0.0034855318152673
AggReturn,2019-09-10 00:00:00,252,-0.0148730286556957
AggReturn,2019-09-10 00:00:00,126,-0.0146742396479474
AggReturn,2019-09-10 00:00:00,63,-0.0146742396479474
AggReturn,2019-09-11 00:00:00,252,-0.0099036976399442
AggReturn,2019-09-11 00:00:00,126,-0.0099388563730734
AggReturn,2019-09-11 00:00:00,63,-0.0099388563730734
AggReturn,2019-09-12 00:00:00,252,-0.0016757073327503
AggReturn,2019-09-12 00:00:00,126,0.0047609650661059
AggReturn,2019-09-12 00:00:00,63,0.0047609650661059
AggReturn,2019-09-13 00:00:00,252,-0.0058797315827261
AggReturn,2019-09-13 00:00:00,126,-0.0129204832458522
AggReturn,2019-09-13 00:00:00,63,-0.0129204832458522
AggReturn,2019-09-16 00:00:00,252,-0.00690518468546
AggReturn,2019-09-16 00:00:00,126,-0.0072484387591124
AggReturn,2019-09-16 00:00:00,63,-0.0072484387591124
AggReturn,2019-09-17 00:00:00,252,0.0016190592275008
AggReturn,2019-09-17 00:00:00,126,0.006340039417247
AggReturn,2019-09-17 00:00:00,63,0.006340039417247
AggReturn,2019-09-18 00:00:00,252,0.0069025795972184
AggReturn,2019-09-18 00:00:00,126,0.0077979988007926
AggReturn,2019-09-18 00:00:00,63,0.0077979988007926
AggReturn,2019-09-19 00:00:00,252,0.0060822880243622
AggReturn,2019-09-19 00:00:00,126,0.0082074968385396
AggReturn,2019-09-19 00:00:00,63,0.0082074968385396
AggReturn,2019-09-20 00:00:00,252,-0.0038941182508043
AggReturn,2019-09-20 00:00:00,126,-0.0083632458571711
AggReturn,2019-09-20 00:00:00,63,-0.0083632458571711
AggReturn,2019-09-23 00:00:00,252,0.0096165615409253
AggReturn,2019-09-23 00:00:00,126,0.0059070663096703
AggReturn,2019-09-23 00:00:00,63,0.0059070663096703
AggReturn,2019-09-24 00:00:00,252,0.0001196203712821
AggReturn,2019-09-24 00:00:00,126,0.0005382662949493
AggReturn,2019-09-24 00:00:00,63,0.0005382662949493
AggReturn,2019-09-25 00:00:00,252,0.0031778833435349
AggReturn,2019-09-25 00:00:00,126,0.0009523640935914
AggReturn,2019-09-25 00:00:00,63,0.0009523640935914
AggReturn,2019-09-26 00:00:00,252,-0.003342722146134
AggReturn,2019-09-26 00:00:00,126,-9.198047969583012e-05
AggReturn,2019-09-26 00:00:00,63,-9.198047969583012e-05
AggReturn,2019-09-27 00:00:00,252,0.0007693347560577
AggReturn,2019-09-27 00:00:00,126,0.0078937260982
AggReturn,2019-09-27 00:00:00,63,0.0078937260982
AggReturn,2019-09-30 00:00:00,252,-0.0001201028649116
AggReturn,2019-09-30 00:00:00,126,-0.0007683620017921
AggReturn,2019-09-30 00:00:00,63,-0.0007683620017921
AggReturn,2019-10-01 00:00:00,252,0.0057860523651186
AggReturn,2019-10-01 00:00:00,126,0.0096248158751119
AggReturn,2019-10-01 00:00:00,63,0.0096248158751119
AggReturn,2019-10-02 00:00:00,252,0.0115875461632151
AggReturn,2019-10-02 00:00:00,126,0.0015864236968208
AggReturn,2019-10-02 00:00:00,63,0.0015864236968208
AggReturn,2019-10-03 00:00:00,252,0.0020052318661598
AggReturn,2019-10-03 00:00:00,126,-0.0021016347760705
AggReturn,2019-10-03 00:00:00,63,-0.0021016347760705
AggReturn,2019-10-04 00:00:00,252,-0.0045511816911214
AggReturn,2019-10-04 00:00:00,126,0.0072109851477647
AggReturn,2019-10-04 00:00:00,63,0.0072109851477647
AggReturn,2019-10-07 00:00:00,252,-0.0016687590681781
AggReturn,2019-10-07 00:00:00,126,-0.0051790898348563
AggReturn,2019-10-07 00:00:00,63,-0.0051790898348563
AggReturn,2019-10-08 00:00:00,252,0.005075217945108
AggReturn,2019-10-08 00:00:00,126,0.006014792686544
AggReturn,2019-10-08 00:00:00,63,0.006014792686544
AggReturn,2019-10-09 00:00:00,252,0.0021576834815191
AggReturn,2019-10-09 00:00:00,126,0.0072409229765763
AggReturn,2019-10-09 00:00:00,63,0.0072409229765763
AggReturn,2019-10-10 00:00:00,252,-0.0009262724281554
AggReturn,2019-10-10 00:00:00,126,0.0059616851684977
AggReturn,2019-10-10 00:00:00,63,0.0059616851684977
AggReturn,2019-10-11 00:00:00,252,-0.0037401488501141
AggReturn,2019-10-11 00:00:00,126,-0.002059789613612
AggReturn,2019-10-11 00:00:00,63,-0.002059789613612
AggReturn,2019-10-14 00:00:00,252,0.0004375889680385
AggReturn,2019-10-14 00:00:00,126,0.0026685846156419
AggReturn,2019-10-14 00:00:00,63,0.0026685846156419
AggReturn,2019-10-15 00:00:00,252,-0.0001060410907676
AggReturn,2019-10-15 00:00:00,126,-0.0021532630114319
AggReturn,2019-10-15 00:00:00,63,-0.0021532630114319
AggReturn,2019-10-16 00:00:00,252,0.0043139500169718
AggReturn,2019-10-16 00:00:00,126,-0.0047067101666009
AggReturn,2019-10-16 00:00:00,63,-0.0047067101666009
AggReturn,2019-10-17 00:00:00,252,-0.0085612669108221
AggReturn,2019-10-17 00:00:00,126,-0.0087233550251077
AggReturn,2019-10-17 00:00:00,63,-0.0087233550251077
AggReturn,2019-10-18 00:00:00,252,-0.0032645998845682
AggReturn,2019-10-18 00:00:00,126,0.0025231592997653
AggReturn,2019-10-18 00:00:00,63,0.0025231592997653
AggReturn,2019-10-21 00:00:00,252,-0.0157700527992207
AggReturn,2019-10-21 00:00:00,126,-4.93427336129091e-06
AggReturn,2019-10-21 00:00:00,63,-4.93427336129091e-06
AggReturn,2019-10-22 00:00:00,252,0.0038117521230954
AggReturn,2019-10-22 00:00:00,126,0.0086873418714744
AggReturn,2019-10-22 00:00:00,63,0.0086873418714744
AggReturn,2019-10-23 00:00:00,252,-0.0058103507330245
AggReturn,2019-10-23 00:00:00,126,-0.0068410231470067
AggReturn,2019-10-23 00:00:00,63,-0.0068410231470067
AggReturn,2019-10-24 00:00:00,252,-0.0055908126577328
AggReturn,2019-10-24 00:00:00,126,-0.0042266989069944
AggReturn,2019-10-24 00:00:00,63,-0.0042266989069944
AggReturn,2019-10-25 00:00:00,252,0.0042931283119408
AggReturn,2019-10-25 00:00:00,126,0.009072549672473
AggReturn,2019-10-25 00:00:00,63,0.009072549672473
AggReturn,2019-10-28 00:00:00,252,-0.0005021551275439
AggReturn,2019-10-28 00:00:00,126,0.003277942420252
AggReturn,2019-10-28 00:00:00,63,0.003277942420252
AggReturn,2019-10-29 00:00:00,252,0.0018719918120976
AggReturn,2019-10-29 00:00:00,126,0.0011609712037877
AggReturn,2019-10-29 00:00:00,63,0.0011609712037877
AggReturn,2019-10-30 00:00:00,252,0.0058864328622656
AggReturn,2019-10-30 00:00:00,126,-0.0090021935259811
AggReturn,2019-10-30 00:00:00,63,-0.0090021935259811
AggReturn,2019-10-31 00:00:00,252,0.0061900379046472
AggReturn,2019-10-31 00:00:00,126,0.0118681423666528
AggReturn,2019-10-31 00:00:00,63,0.0118681423666528
AggReturn,2019-11-01 00:00:00,252,-0.0063140594687543
AggReturn,2019-11-01 00:00:00,126,-0.002340476866789
AggReturn,2019-11-01 00:00:00,63,-0.002340476866789
AggReturn,2019-11-04 00:00:00,252,-0.006270693526519
AggReturn,2019-11-04 00:00:00,126,-0.006270693526519
AggReturn,2019-11-04 00:00:00,63,-0.006270693526519
AggReturn,2019-11-05 00:00:00,252,-0.0124508951358727
AggReturn,2019-11-05 00:00:00,126,-0.0124508951358727
AggReturn,2019-11-05 00:00:00,63,-0.0124508951358727
AggReturn,2019-11-06 00:00:00,252,0.0019923227480075
AggReturn,2019-11-06 00:00:00,126,0.0019923227480075
AggReturn,2019-11-06 00:00:00,63,0.0019923227480075
AggReturn,2019-11-07 00:00:00,252,0.0020125317849786
AggReturn,2019-11-07 00:00:00,126,0.0020125317849786
AggReturn,2019-11-07 00:00:00,63,0.0020125317849786
AggReturn,2019-11-08 00:00:00,252,-0.0010582633095988
AggReturn,2019-11-08 00:00:00,126,-0.0010582633095988
AggReturn,2019-11-08 00:00:00,63,-0.0010582633095988
AggReturn,2019-11-11 00:00:00,252,0.0034164655854226
AggReturn,2019-11-11 00:00:00,126,0.0034164655854226
AggReturn,2019-11-11 00:00:00,63,0.0034164655854226
AggReturn,2019-11-12 00:00:00,252,0.003211483548164
AggReturn,2019-11-12 00:00:00,126,0.003211483548164
AggReturn,2019-11-12 00:00:00,63,0.003211483548164
AggReturn,2019-11-13 00:00:00,252,0.0103610354222251
AggReturn,2019-11-13 00:00:00,126,0.0103610354222251
AggReturn,2019-11-13 00:00:00,63,0.0103610354222251
AggReturn,2019-11-14 00:00:00,252,0.0081945613862548
AggReturn,2019-11-14 00:00:00,126,0.0081945613862548
AggReturn,2019-11-14 00:00:00,63,0.0081945613862548
AggReturn,2019-11-15 00:00:00,252,0.0045082226011778
AggReturn,2019-11-15 00:00:00,126,0.0045082226011778
AggReturn,2019-11-15 00:00:00,63,0.0045082226011778
AggReturn,2019-11-18 00:00:00,252,0.0024102197947735
AggReturn,2019-11-18 00:00:00,126,0.0024102197947735
AggReturn,2019-11-18 00:00:00,63,0.0024102197947735
AggReturn,2019-11-19 00:00:00,252,-0.006818569264022
AggReturn,2019-11-19 00:00:00,126,-0.006818569264022
AggReturn,2019-11-19 00:00:00,63,-0.006818569264022
AggReturn,2019-11-20 00:00:00,252,0.0007308244034806
AggReturn,2019-11-20 00:00:00,126,0.0007308244034806
AggReturn,2019-11-20 00:00:00,63,0.0007308244034806
AggReturn,2019-11-21 00:00:00,252,-0.0062386231895489
AggReturn,2019-11-21 00:00:00,126,-0.0062386231895489
AggReturn,2019-11-21 00:00:00,63,-0.0062386231895489
AggReturn,2019-11-22 00:00:00,252,-0.0072162849694969
AggReturn,2019-11-22 00:00:00,126,-0.0072162849694969
AggReturn,2019-11-22 00:00:00,63,-0.0072162849694969
AggReturn,2019-11-25 00:00:00,252,-0.0041705715485147
AggReturn,2019-11-25 00:00:00,126,-0.0041705715485147
AggReturn,2019-11-25 00:00:00,63,-0.0041705715485147
AggReturn,2019-11-26 00:00:00,252,0.00930470295698
AggReturn,2019-11-26 00:00:00,126,0.00930470295698
AggReturn,2019-11-26 00:00:00,63,0.00930470295698
AggReturn,2019-11-27 00:00:00,252,0.0029678410185875
AggReturn,2019-11-27 00:00:00,126,0.0029678410185875
AggReturn,2019-11-27 00:00:00,63,0.0029678410185875
AggReturn,2019-11-29 00:00:00,252,0.00096427563027
AggReturn,2019-11-29 00:00:00,126,0.00096427563027
AggReturn,2019-11-29 00:00:00,63,0.00096427563027
AggReturn,2019-12-02 00:00:00,252,-0.0025768138788102
AggReturn,2019-12-02 00:00:00,126,-0.0025768138788102
AggReturn,2019-12-02 00:00:00,63,-0.0025768138788102
AggReturn,2019-12-03 00:00:00,252,-0.00741948034144
AggReturn,2019-12-03 00:00:00,126,-0.00741948034144
AggReturn,2019-12-03 00:00:00,63,-0.0075167117921101
AggReturn,2019-12-04 00:00:00,252,0.0010068324018068
AggReturn,2019-12-04 00:00:00,126,0.0010068324018068
AggReturn,2019-12-04 00:00:00,63,0.0034470285134409
AggReturn,2019-12-05 00:00:00,252,0.0006405619132307
AggReturn,2019-12-05 00:00:00,126,0.0006405619132307
AggReturn,2019-12-05 00:00:00,63,-0.0025386944312155
AggReturn,2019-12-06 00:00:00,252,0.00117586047568
AggReturn,2019-12-06 00:00:00,126,0.00117586047568
AggReturn,2019-12-06 00:00:00,63,0.0059408078338622
AggReturn,2019-12-09 00:00:00,252,-0.004637147315636
AggReturn,2019-12-09 00:00:00,126,-0.004637147315636
AggReturn,2019-12-09 00:00:00,63,0.0041803139400847
AggReturn,2019-12-10 00:00:00,252,0.0028548992471873
AggReturn,2019-12-10 00:00:00,126,0.0028548992471873
AggReturn,2019-12-10 00:00:00,63,-0.0078703475014943
AggReturn,2019-12-11 00:00:00,252,-0.0044931048945593
AggReturn,2019-12-11 00:00:00,126,-0.0044931048945593
AggReturn,2019-12-11 00:00:00,63,0.009398885550984
AggReturn,2019-12-12 00:00:00,252,0.0008658628407634
AggReturn,2019-12-12 00:00:00,126,0.0008658628407634
AggReturn,2019-12-12 00:00:00,63,-0.0038896789050219
AggReturn,2019-12-13 00:00:00,252,-0.0082677196123565
AggReturn,2019-12-13 00:00:00,126,-0.0082677196123565
AggReturn,2019-12-13 00:00:00,63,0.0089954191846308
AggReturn,2019-12-16 00:00:00,252,0.0119567422826346
AggReturn,2019-12-16 00:00:00,126,0.0119567422826346
AggReturn,2019-12-16 00:00:00,63,0.0016355421781711
AggReturn,2019-12-17 00:00:00,252,0.0023345358059945
AggReturn,2019-12-17 00:00:00,126,0.0023345358059945
AggReturn,2019-12-17 00:00:00,63,-0.0028371021802826
AggReturn,2019-12-18 00:00:00,252,0.0023491034370492
AggReturn,2019-12-18 00:00:00,126,0.0023491034370492
AggReturn,2019-12-18 00:00:00,63,-0.0045518376049595
AggReturn,2019-12-19 00:00:00,252,-0.0054003233241511
AggReturn,2019-12-19 00:00:00,126,-0.0054003233241511
AggReturn,2019-12-19 00:00:00,63,0.0022763760576094
AggReturn,2019-12-20 00:00:00,252,-8.206782508836906e-05
AggReturn,2019-12-20 00:00:00,126,-8.206782508836906e-05
AggReturn,2019-12-20 00:00:00,63,0.0042819060548915
AggReturn,2019-12-23 00:00:00,252,0.0043326984753523
AggReturn,2019-12-23 00:00:00,126,0.0043326984753523
AggReturn,2019-12-23 00:00:00,63,-0.0021222435646628
AggReturn,2019-12-24 00:00:00,252,-0.0039721181447159
AggReturn,2019-12-24 00:00:00,126,-0.0039721181447159
AggReturn,2019-12-24 00:00:00,63,0.0046330298153767
AggReturn,2019-12-26 00:00:00,252,0.0023643812294219
AggReturn,2019-12-26 00:00:00,126,0.0023643812294219
AggReturn,2019-12-26 00:00:00,63,-0.0012159107285876
AggReturn,2019-12-27 00:00:00,252,0.0064439651541422
AggReturn,2019-12-27 00:00:00,126,0.0064439651541422
AggReturn,2019-12-27 00:00:00,63,0.0043549924819068
AggReturn,2019-12-30 00:00:00,252,-0.0035778187913173
AggReturn,2019-12-30 00:00:00,126,-0.0035778187913173
AggReturn,2019-12-30 00:00:00,63,0.0021879451946624
AggReturn,2019-12-31 00:00:00,252,0.0013310341051871
AggReturn,2019-12-31 00:00:00,126,0.0013310341051871
AggReturn,2019-12-31 00:00:00,63,0.001206670276086
AggReturn,2020-01-02 00:00:00,252,-0.0003681039318349
AggReturn,2020-01-02 00:00:00,126,-0.0003681039318349
AggReturn,2020-01-02 00:00:00,63,0.0041409163670665
AggReturn,2020-01-03 00:00:00,252,0.0039119949678284
AggReturn,2020-01-03 00:00:00,126,0.0039119949678284
AggReturn,2020-01-03 00:00:00,63,0.0014479371255013
AggReturn,2020-01-06 00:00:00,252,-0.0032254547878189
AggReturn,2020-01-06 00:00:00,126,-0.0032254547878189
AggReturn,2020-01-06 00:00:00,63,-0.0010659579917177
AggReturn,2020-01-07 00:00:00,252,0.0098752098863058
AggReturn,2020-01-07 00:00:00,126,0.0098752098863058
AggReturn,2020-01-07 00:00:00,63,0.0052637258942007
AggReturn,2020-01-08 00:00:00,252,-0.0044022835866225
AggReturn,2020-01-08 00:00:00,126,-0.0044022835866225
AggReturn,2020-01-08 00:00:00,63,-0.0013486847438771
AggReturn,2020-01-09 00:00:00,252,0.0194776264462766
AggReturn,2020-01-09 00:00:00,126,0.0194776264462766
AggReturn,2020-01-09 00:00:00,63,0.015675320574883
AggReturn,2020-01-10 00:00:00,252,0.0070917800998124
AggReturn,2020-01-10 00:00:00,126,0.0070917800998124
AggReturn,2020-01-10 00:00:00,63,0.0039099614505585
AggReturn,2020-01-13 00:00:00,252,0.0056033515085304
AggReturn,2020-01-13 00:00:00,126,0.0056033515085304
AggReturn,2020-01-13 00:00:00,63,0.0053564473146823
AggReturn,2020-01-14 00:00:00,252,2.230264799729697e-05
AggReturn,2020-01-14 00:00:00,126,2.230264799729697e-05
AggReturn,2020-01-14 00:00:00,63,0.0020363753633908
AggReturn,2020-01-15 00:00:00,252,-0.0096748706215205
AggReturn,2020-01-15 00:00:00,126,-0.0096748706215205
AggReturn,2020-01-15 00:00:00,63,-0.0062726668502362
AggReturn,2020-01-16 00:00:00,252,0.0114989168236195
AggReturn,2020-01-16 00:00:00,126,0.0114989168236195
AggReturn,2020-01-16 00:00:00,63,0.008347649512367
AggReturn,2020-01-17 00:00:00,252,0.0191272327654856
AggReturn,2020-01-17 00:00:00,126,0.0191272327654856
AggReturn,2020-01-17 00:00:00,63,0.0159364173165473
AggReturn,2020-01-21 00:00:00,252,0.0062775193215872
AggReturn,2020-01-21 00:00:00,126,0.0062775193215872
AggReturn,2020-01-21 00:00:00,63,0.0038719707755001
AggReturn,2020-01-22 00:00:00,252,0.0120196155781714
AggReturn,2020-01-22 00:00:00,126,0.0120196155781714
AggReturn,2020-01-22 00:00:00,63,0.0045482405666241
AggReturn,2020-01-23 00:00:00,252,0.0046753116132842
AggReturn,2020-01-23 00:00:00,126,0.0046753116132842
AggReturn,2020-01-23 00:00:00,63,0.010086910197649
AggReturn,2020-01-24 00:00:00,252,0.0047479564887406
AggReturn,2020-01-24 00:00:00,126,0.0047479564887406
AggReturn,2020-01-24 00:00:00,63,0.0026179795937376
AggReturn,2020-01-27 00:00:00,252,0.0011038810205659
AggReturn,2020-01-27 00:00:00,126,0.0011038810205659
AggReturn,2020-01-27 00:00:00,63,0.0076253940964067
AggReturn,2020-01-28 00:00:00,252,0.0054572100960994
AggReturn,2020-01-28 00:00:00,126,0.0054572100960994
AggReturn,2020-01-28 00:00:00,63,0.0022936418384555
AggReturn,2020-01-29 00:00:00,252,0.014737392802608
AggReturn,2020-01-29 00:00:00,126,0.014737392802608
AggReturn,2020-01-29 00:00:00,63,0.0125314901537818
AggReturn,2020-01-30 00:00:00,252,0.0108406866806902
AggReturn,2020-01-30 00:00:00,126,0.0108406866806902
AggReturn,2020-01-30 00:00:00,63,0.0162496167838174
AggReturn,2020-01-31 00:00:00,252,0.0041067963764863
AggReturn,2020-01-31 00:00:00,126,0.0041067963764863
AggReturn,2020-01-31 00:00:00,63,0.0021054231171539
AggReturn,2020-02-03 00:00:00,252,-0.00709526265902
AggReturn,2020-02-03 00:00:00,126,-0.0071167251401979
AggReturn,2020-02-03 00:00:00,63,-0.0040239233920356
AggReturn,2020-02-04 00:00:00,252,0.0074381357593511
AggReturn,2020-02-04 00:00:00,126,0.0066572465164348
AggReturn,2020-02-04 00:00:00,63,0.0066572465164348
AggReturn,2020-02-05 00:00:00,252,0.0048570333572827
AggReturn,2020-02-05 00:00:00,126,0.0009905845759521
AggReturn,2020-02-05 00:00:00,63,0.0009905845759521
AggReturn,2020-02-06 00:00:00,252,-0.0199880194861266
AggReturn,2020-02-06 00:00:00,126,-0.0156949493373852
AggReturn,2020-02-06 00:00:00,63,-0.0156949493373852
AggReturn,2020-02-07 00:00:00,252,0.012481828584595
AggReturn,2020-02-07 00:00:00,126,0.0093389404244501
AggReturn,2020-02-07 00:00:00,63,0.0093389404244501
AggReturn,2020-02-10 00:00:00,252,0.0002217594488651
AggReturn,2020-02-10 00:00:00,126,-0.0002606594418614
AggReturn,2020-02-10 00:00:00,63,-0.0002606594418614
AggReturn,2020-02-11 00:00:00,252,0.0104649213987009
AggReturn,2020-02-11 00:00:00,126,0.0061560074075502
AggReturn,2020-02-11 00:00:00,63,0.0061560074075502
AggReturn,2020-02-12 00:00:00,252,-0.0102820672648455
AggReturn,2020-02-12 00:00:00,126,-0.0133070354262398
AggReturn,2020-02-12 00:00:00,63,-0.0133070354262398
AggReturn,2020-02-13 00:00:00,252,0.0051802831785061
AggReturn,2020-02-13 00:00:00,126,0.003024022266412
AggReturn,2020-02-13 00:00:00,63,0.003024022266412
AggReturn,2020-02-14 00:00:00,252,-0.0011140036250204
AggReturn,2020-02-14 00:00:00,126,-0.003642837731592
AggReturn,2020-02-14 00:00:00,63,-0.003642837731592
AggReturn,2020-02-18 00:00:00,252,0.0038535312539333
AggReturn,2020-02-18 00:00:00,126,0.00173734194335
AggReturn,2020-02-18 00:00:00,63,0.00173734194335
AggReturn,2020-02-19 00:00:00,252,0.0013103694148264
AggReturn,2020-02-19 00:00:00,126,-0.0015761937767745
AggReturn,2020-02-19 00:00:00,63,-0.0015761937767745
AggReturn,2020-02-20 00:00:00,252,-0.0064452902985822
AggReturn,2020-02-20 00:00:00,126,-0.0061252855295891
AggReturn,2020-02-20 00:00:00,63,-0.0061252855295891
AggReturn,2020-02-21 00:00:00,252,0.0054619762300802
AggReturn,2020-02-21 00:00:00,126,0.0004520096188247
AggReturn,2020-02-21 00:00:00,63,0.0004520096188247
AggReturn,2020-02-24 00:00:00,252,-0.0162490236417584
AggReturn,2020-02-24 00:00:00,126,-0.0068799675158162
AggReturn,2020-02-24 00:00:00,63,-0.0068799675158162
AggReturn,2020-02-25 00:00:00,252,0.0139212341581454
AggReturn,2020-02-25 00:00:00,126,0.0021100993148433
AggReturn,2020-02-25 00:00:00,63,0.0021100993148433
AggReturn,2020-02-26 00:00:00,252,-0.0007870846228403
AggReturn,2020-02-26 00:00:00,126,0.0072327755801509
AggReturn,2020-02-26 00:00:00,63,0.0072327755801509
AggReturn,2020-02-27 00:00:00,252,0.0068634757245921
AggReturn,2020-02-27 00:00:00,126,0.0116597960903677
AggReturn,2020-02-27 00:00:00,63,0.0116597960903677
AggReturn,2020-02-28 00:00:00,252,-0.0052047622927378
AggReturn,2020-02-28 00:00:00,126,-0.0040944141866955
AggReturn,2020-02-28 00:00:00,63,-0.0040944141866955
AggReturn,2020-03-02 00:00:00,252,0.0036877718902872
AggReturn,2020-03-02 00:00:00,126,0.0002013174833998
AggReturn,2020-03-02 00:00:00,63,0.0002013174833998
AggReturn,2020-03-03 00:00:00,252,0.0221988017426815
AggReturn,2020-03-03 00:00:00,126,0.0198801645800234
AggReturn,2020-03-03 00:00:00,63,0.0198801645800234
AggReturn,2020-03-04 00:00:00,252,0.0072657760092579
AggReturn,2020-03-04 00:00:00,126,-0.0025762666113602
AggReturn,2020-03-04 00:00:00,63,-0.0025762666113602
AggReturn,2020-03-05 00:00:00,252,0.0104941508538324
AggReturn,2020-03-05 00:00:00,126,0.012912063285519
AggReturn,2020-03-05 00:00:00,63,0.012912063285519
AggReturn,2020-03-06 00:00:00,252,0.0053714640264336
AggReturn,2020-03-06 00:00:00,126,0.0126010574696424
AggReturn,2020-03-06 00:00:00,63,0.0126010574696424
AggReturn,2020-03-09 00:00:00,252,0.0197280136084466
AggReturn,2020-03-09 00:00:00,126,0.0346197040175805
AggReturn,2020-03-09 00:00:00,63,0.0346197040175805
AggReturn,2020-03-10 00:00:00,252,0.0017196546404714
AggReturn,2020-03-10 00:00:00,126,0.0054140390303474
AggReturn,2020-03-10 00:00:00,63,0.0054140390303474
AggReturn,2020-03-11 00:00:00,252,0.0247077588578759
AggReturn,2020-03-11 00:00:00,126,0.0178614903096421
AggReturn,2020-03-11 00:00:00,63,0.0178614903096421
AggReturn,2020-03-12 00:00:00,252,-0.0100081234518084
AggReturn,2020-03-12 00:00:00,126,-0.0024511709552526
AggReturn,2020-03-12 00:00:00,63,-0.0024511709552526
AggReturn,2020-03-13 00:00:00,252,0.0149491036514759
AggReturn,2020-03-13 00:00:00,126,0.0116144379163372
AggReturn,2020-03-13 00:00:00,63,0.0116144379163372
AggReturn,2020-03-16 00:00:00,252,0.0160210095165618
AggReturn,2020-03-16 00:00:00,126,0.0319310495060582
AggReturn,2020-03-16 00:00:00,63,0.0319310495060582
AggReturn,2020-03-17 00:00:00,252,-0.0237387191738948
AggReturn,2020-03-17 00:00:00,126,0.0149003935048606
AggReturn,2020-03-17 00:00:00,63,0.0149003935048606
AggReturn,2020-03-18 00:00:00,252,-0.0021921794163488
AggReturn,2020-03-18 00:00:00,126,0.020878513812966
AggReturn,2020-03-18 00:00:00,63,0.020878513812966
AggReturn,2020-03-19 00:00:00,252,0.0226874343592454
AggReturn,2020-03-19 00:00:00,126,0.0466381073863209
AggReturn,2020-03-19 00:00:00,63,0.0466381073863209
AggReturn,2020-03-20 00:00:00,252,0.0097217107297578
AggReturn,2020-03-20 00:00:00,126,-0.0313647672356181
AggReturn,2020-03-20 00:00:00,63,-0.0313647672356181
AggReturn,2020-03-23 00:00:00,252,0.0034520986950775
AggReturn,2020-03-23 00:00:00,126,0.0036645933972532
AggReturn,2020-03-23 00:00:00,63,0.0036645933972532
AggReturn,2020-03-24 00:00:00,252,0.0055476708608365
AggReturn,2020-03-24 00:00:00,126,-0.0412618636952289
AggReturn,2020-03-24 00:00:00,63,-0.0412618636952289
AggReturn,2020-03-25 00:00:00,252,-0.0287385113538267
AggReturn,2020-03-25 00:00:00,126,-0.0495222171349526
AggReturn,2020-03-25 00:00:00,63,-0.0495222171349526
AggReturn,2020-03-26 00:00:00,252,0.0028040228385387
AggReturn,2020-03-26 00:00:00,126,0.0091383573781073
AggReturn,2020-03-26 00:00:00,63,0.0091383573781073
AggReturn,2020-03-27 00:00:00,252,0.0300901347727376
AggReturn,2020-03-27 00:00:00,126,0.0239926753041108
AggReturn,2020-03-27 00:00:00,63,0.0239926753041108
AggReturn,2020-03-30 00:00:00,252,-0.0050428927083867
AggReturn,2020-03-30 00:00:00,126,0.0099390576528483
AggReturn,2020-03-30 00:00:00,63,0.0099390576528483
AggReturn,2020-03-31 00:00:00,252,0.0062839140670249
AggReturn,2020-03-31 00:00:00,126,0.0158294494884435
AggReturn,2020-03-31 00:00:00,63,0.0158294494884435
AggReturn,2020-04-01 00:00:00,252,-0.0079431447406986
AggReturn,2020-04-01 00:00:00,126,0.0063791698479173
AggReturn,2020-04-01 00:00:00,63,0.0063532320835839
